﻿<SOUI name="mainWindow" title="@string/title" bigIcon="ICON_LOGO:32" smallIcon="ICON_LOGO:16" width="280" height="200"  margin="20,5,5,5"  resizable="0" wndType="appMain"
appWnd="1"
translucent="1" 
>
  <style>
    <class name="cls_border" ncSkin="_skin.edit.bkg" margin="2,2,2,2" />
  </style>
  <root skin="_skin.shadow">
    <window pos="5,3,-5,-7" font="face:微软雅黑,adding:-3" colorBkgnd="@color/white" colorText="@color/blue">
      <caption pos="0,0,-0,32" show="1" colorText="@color/white" colorBkgnd="@color/blue">
        <text pos="28,8" >硬盘序列号修改器 -- By Breeze.</text>
        <imgbtn name="btn_close" skin="_skin.btn.close" pos="-27,0" tip="close" animate="1"/>
      </caption>
      <window pos="4,32,-4,-0" name="wnd_install" visible="1">
        <imgbtn skin="_skin.btn.bkg" name="btn_install" pos="|-60,|-20" size="120,40" cursor="hand">安装</imgbtn>
      </window>
      <window pos="4,32,-4,-0" name="wnd_main" visible="0">
        <window pos="0, 4" size="240,52" visible="1" name="hd0">
          <text name="hd0_raw" pos="82,12" size="150,10" colorText="@color/gray">12345678901234567890</text>
          <text pos="{-48,[6" size="40,24" >修改为</text>
          <edit name="hd0_new" class="cls_border" pos="[4,{0" size="168,24" maxBuf="20" cueText="硬盘0"></edit>
        </window>
        <window pos="0, [0" size="240,52" visible="0" name="hd1">
          <text name="hd1_raw" pos="82,12" size="150,10" colorText="@color/gray">12345678901234567890</text>
          <text pos="{-48,[6" size="40,24" >修改为</text>
          <edit name="hd1_new" class="cls_border" pos="[4,{0" size="168,24" maxBuf="20" cueText="硬盘1"></edit>
        </window>
        <window pos="0, [0" size="240,52" visible="0" name="hd2">
          <text name="hd2_raw" pos="82,12" size="150,10" colorText="@color/gray">12345678901234567890</text>
          <text pos="{-48,[6" size="40,24" >修改为</text>
          <edit name="hd2_new" class="cls_border" pos="[4,{0" size="168,24" maxBuf="20" cueText="硬盘2"></edit>
        </window>
        <window pos="0, [0" size="240,52" visible="0" name="hd3">
          <text name="hd3_raw" pos="82,12" size="150,10" colorText="@color/gray">12345678901234567890</text>
          <text pos="{-48,[6" size="40,24" >修改为</text>
          <edit name="hd3_new" class="cls_border" pos="[4,{0" size="168,24" maxBuf="20" cueText="硬盘3"></edit>
        </window>
        <window pos="0, [0" size="240,52" visible="0" name="hd4">
          <text name="hd4_raw" pos="82,12" size="150,10" colorText="@color/gray">12345678901234567890</text>
          <text pos="{-48,[6" size="40,24" >修改为</text>
          <edit name="hd4_new" class="cls_border" pos="[4,{0" size="168,24" maxBuf="20" cueText="硬盘4"></edit>
        </window>
        <window pos="0, [0" size="240,52" visible="0" name="hd5">
          <text name="hd5_raw" pos="82,12" size="150,10" colorText="@color/gray">12345678901234567890</text>
          <text pos="{-48,[6" size="40,24" >修改为</text>
          <edit name="hd5_new" class="cls_border" pos="[4,{0" size="168,24" maxBuf="20" cueText="硬盘5"></edit>
        </window>
        <imgbtn skin="_skin.btn.bkg" name="btn_uninstall" pos="14,-32" size="64,22" cursor="hand">卸载</imgbtn>
        <imgbtn skin="_skin.btn.bkg" name="btn_spoof" pos="-150,-32"  size="64,22" cursor="hand">快速修改</imgbtn>
        <imgbtn skin="_skin.btn.bkg" name="btn_apply" pos="-78,-32" size="64,22" cursor="hand">修改</imgbtn>
      </window>
    </window>
  </root>
</SOUI>
