[
    {
        "command": "c++ -c -DMS_LITTLE_ENDIAN -D_POSIX_C_SOURCE=200112 -D_GNU_SOURCE -D_LARGEFILE_SOURCE -D_FILE_OFFSET_BITS=64 -IPATH/include -IPATH/deps/json/single_include/nlohmann -IPATH/deps/netstring/netstring-c -IPATH/deps/libuv/include -IPATH/deps/openssl/openssl/include -IPATH/deps/libsrtp/srtp/include -IPATH/deps/usrsctp/usrsctp/usrsctplib -IPATH/deps/libwebrtc -IPATH/deps/libwebrtc/libwebrtc -IPATH/deps/libwebrtc/deps/abseil-cpp/abseil-cpp -std=c++11 -Wall -Wextra -Wno-unused-parameter -Wno-implicit-fallthrough -m64 -g -Wno-unknown-warning-option -fPIC -o PATH/out/Release/obj.target/mediasoup-worker/src/DepLibSRTP.o PATH/src/DepLibSRTP.cpp",
        "directory": "PATH/out",
        "file": "PATH/src/DepLibSRTP.cpp"
    },
    {
        "command": "c++ -c -DMS_LITTLE_ENDIAN -D_POSIX_C_SOURCE=200112 -D_GNU_SOURCE -D_LARGEFILE_SOURCE -D_FILE_OFFSET_BITS=64 -IPATH/include -IPATH/deps/json/single_include/nlohmann -IPATH/deps/netstring/netstring-c -IPATH/deps/libuv/include -IPATH/deps/openssl/openssl/include -IPATH/deps/libsrtp/srtp/include -IPATH/deps/usrsctp/usrsctp/usrsctplib -IPATH/deps/libwebrtc -IPATH/deps/libwebrtc/libwebrtc -IPATH/deps/libwebrtc/deps/abseil-cpp/abseil-cpp -std=c++11 -Wall -Wextra -Wno-unused-parameter -Wno-implicit-fallthrough -m64 -g -Wno-unknown-warning-option -fPIC -o PATH/out/Release/obj.target/mediasoup-worker/src/DepLibUV.o PATH/src/DepLibUV.cpp",
        "directory": "PATH/out",
        "file": "PATH/src/DepLibUV.cpp"
    },
    {
        "command": "c++ -c -DMS_LITTLE_ENDIAN -D_POSIX_C_SOURCE=200112 -D_GNU_SOURCE -D_LARGEFILE_SOURCE -D_FILE_OFFSET_BITS=64 -IPATH/include -IPATH/deps/json/single_include/nlohmann -IPATH/deps/netstring/netstring-c -IPATH/deps/libuv/include -IPATH/deps/openssl/openssl/include -IPATH/deps/libsrtp/srtp/include -IPATH/deps/usrsctp/usrsctp/usrsctplib -IPATH/deps/libwebrtc -IPATH/deps/libwebrtc/libwebrtc -IPATH/deps/libwebrtc/deps/abseil-cpp/abseil-cpp -std=c++11 -Wall -Wextra -Wno-unused-parameter -Wno-implicit-fallthrough -m64 -g -Wno-unknown-warning-option -fPIC -o PATH/out/Release/obj.target/mediasoup-worker/src/DepLibWebRTC.o PATH/src/DepLibWebRTC.cpp",
        "directory": "PATH/out",
        "file": "PATH/src/DepLibWebRTC.cpp"
    },
    {
        "command": "c++ -c -DMS_LITTLE_ENDIAN -D_POSIX_C_SOURCE=200112 -D_GNU_SOURCE -D_LARGEFILE_SOURCE -D_FILE_OFFSET_BITS=64 -IPATH/include -IPATH/deps/json/single_include/nlohmann -IPATH/deps/netstring/netstring-c -IPATH/deps/libuv/include -IPATH/deps/openssl/openssl/include -IPATH/deps/libsrtp/srtp/include -IPATH/deps/usrsctp/usrsctp/usrsctplib -IPATH/deps/libwebrtc -IPATH/deps/libwebrtc/libwebrtc -IPATH/deps/libwebrtc/deps/abseil-cpp/abseil-cpp -std=c++11 -Wall -Wextra -Wno-unused-parameter -Wno-implicit-fallthrough -m64 -g -Wno-unknown-warning-option -fPIC -o PATH/out/Release/obj.target/mediasoup-worker/src/DepOpenSSL.o PATH/src/DepOpenSSL.cpp",
        "directory": "PATH/out",
        "file": "PATH/src/DepOpenSSL.cpp"
    },
    {
        "command": "c++ -c -DMS_LITTLE_ENDIAN -D_POSIX_C_SOURCE=200112 -D_GNU_SOURCE -D_LARGEFILE_SOURCE -D_FILE_OFFSET_BITS=64 -IPATH/include -IPATH/deps/json/single_include/nlohmann -IPATH/deps/netstring/netstring-c -IPATH/deps/libuv/include -IPATH/deps/openssl/openssl/include -IPATH/deps/libsrtp/srtp/include -IPATH/deps/usrsctp/usrsctp/usrsctplib -IPATH/deps/libwebrtc -IPATH/deps/libwebrtc/libwebrtc -IPATH/deps/libwebrtc/deps/abseil-cpp/abseil-cpp -std=c++11 -Wall -Wextra -Wno-unused-parameter -Wno-implicit-fallthrough -m64 -g -Wno-unknown-warning-option -fPIC -o PATH/out/Release/obj.target/mediasoup-worker/src/DepUsrSCTP.o PATH/src/DepUsrSCTP.cpp",
        "directory": "PATH/out",
        "file": "PATH/src/DepUsrSCTP.cpp"
    },
    {
        "command": "c++ -c -DMS_LITTLE_ENDIAN -D_POSIX_C_SOURCE=200112 -D_GNU_SOURCE -D_LARGEFILE_SOURCE -D_FILE_OFFSET_BITS=64 -IPATH/include -IPATH/deps/json/single_include/nlohmann -IPATH/deps/netstring/netstring-c -IPATH/deps/libuv/include -IPATH/deps/openssl/openssl/include -IPATH/deps/libsrtp/srtp/include -IPATH/deps/usrsctp/usrsctp/usrsctplib -IPATH/deps/libwebrtc -IPATH/deps/libwebrtc/libwebrtc -IPATH/deps/libwebrtc/deps/abseil-cpp/abseil-cpp -std=c++11 -Wall -Wextra -Wno-unused-parameter -Wno-implicit-fallthrough -m64 -g -Wno-unknown-warning-option -fPIC -o PATH/out/Release/obj.target/mediasoup-worker/src/Logger.o PATH/src/Logger.cpp",
        "directory": "PATH/out",
        "file": "PATH/src/Logger.cpp"
    },
    {
        "command": "c++ -c -DMS_LITTLE_ENDIAN -D_POSIX_C_SOURCE=200112 -D_GNU_SOURCE -D_LARGEFILE_SOURCE -D_FILE_OFFSET_BITS=64 -IPATH/include -IPATH/deps/json/single_include/nlohmann -IPATH/deps/netstring/netstring-c -IPATH/deps/libuv/include -IPATH/deps/openssl/openssl/include -IPATH/deps/libsrtp/srtp/include -IPATH/deps/usrsctp/usrsctp/usrsctplib -IPATH/deps/libwebrtc -IPATH/deps/libwebrtc/libwebrtc -IPATH/deps/libwebrtc/deps/abseil-cpp/abseil-cpp -std=c++11 -Wall -Wextra -Wno-unused-parameter -Wno-implicit-fallthrough -m64 -g -Wno-unknown-warning-option -fPIC -o PATH/out/Release/obj.target/mediasoup-worker/src/Worker.o PATH/src/Worker.cpp",
        "directory": "PATH/out",
        "file": "PATH/src/Worker.cpp"
    },
    {
        "command": "c++ -c -DMS_LITTLE_ENDIAN -D_POSIX_C_SOURCE=200112 -D_GNU_SOURCE -D_LARGEFILE_SOURCE -D_FILE_OFFSET_BITS=64 -IPATH/include -IPATH/deps/json/single_include/nlohmann -IPATH/deps/netstring/netstring-c -IPATH/deps/libuv/include -IPATH/deps/openssl/openssl/include -IPATH/deps/libsrtp/srtp/include -IPATH/deps/usrsctp/usrsctp/usrsctplib -IPATH/deps/libwebrtc -IPATH/deps/libwebrtc/libwebrtc -IPATH/deps/libwebrtc/deps/abseil-cpp/abseil-cpp -std=c++11 -Wall -Wextra -Wno-unused-parameter -Wno-implicit-fallthrough -m64 -g -Wno-unknown-warning-option -fPIC -o PATH/out/Release/obj.target/mediasoup-worker/src/Settings.o PATH/src/Settings.cpp",
        "directory": "PATH/out",
        "file": "PATH/src/Settings.cpp"
    },
    {
        "command": "c++ -c -DMS_LITTLE_ENDIAN -D_POSIX_C_SOURCE=200112 -D_GNU_SOURCE -D_LARGEFILE_SOURCE -D_FILE_OFFSET_BITS=64 -IPATH/include -IPATH/deps/json/single_include/nlohmann -IPATH/deps/netstring/netstring-c -IPATH/deps/libuv/include -IPATH/deps/openssl/openssl/include -IPATH/deps/libsrtp/srtp/include -IPATH/deps/usrsctp/usrsctp/usrsctplib -IPATH/deps/libwebrtc -IPATH/deps/libwebrtc/libwebrtc -IPATH/deps/libwebrtc/deps/abseil-cpp/abseil-cpp -std=c++11 -Wall -Wextra -Wno-unused-parameter -Wno-implicit-fallthrough -m64 -g -Wno-unknown-warning-option -fPIC -o PATH/out/Release/obj.target/mediasoup-worker/src/Utils/Crypto.o PATH/src/Utils/Crypto.cpp",
        "directory": "PATH/out",
        "file": "PATH/src/Utils/Crypto.cpp"
    },
    {
        "command": "c++ -c -DMS_LITTLE_ENDIAN -D_POSIX_C_SOURCE=200112 -D_GNU_SOURCE -D_LARGEFILE_SOURCE -D_FILE_OFFSET_BITS=64 -IPATH/include -IPATH/deps/json/single_include/nlohmann -IPATH/deps/netstring/netstring-c -IPATH/deps/libuv/include -IPATH/deps/openssl/openssl/include -IPATH/deps/libsrtp/srtp/include -IPATH/deps/usrsctp/usrsctp/usrsctplib -IPATH/deps/libwebrtc -IPATH/deps/libwebrtc/libwebrtc -IPATH/deps/libwebrtc/deps/abseil-cpp/abseil-cpp -std=c++11 -Wall -Wextra -Wno-unused-parameter -Wno-implicit-fallthrough -m64 -g -Wno-unknown-warning-option -fPIC -o PATH/out/Release/obj.target/mediasoup-worker/src/Utils/File.o PATH/src/Utils/File.cpp",
        "directory": "PATH/out",
        "file": "PATH/src/Utils/File.cpp"
    },
    {
        "command": "c++ -c -DMS_LITTLE_ENDIAN -D_POSIX_C_SOURCE=200112 -D_GNU_SOURCE -D_LARGEFILE_SOURCE -D_FILE_OFFSET_BITS=64 -IPATH/include -IPATH/deps/json/single_include/nlohmann -IPATH/deps/netstring/netstring-c -IPATH/deps/libuv/include -IPATH/deps/openssl/openssl/include -IPATH/deps/libsrtp/srtp/include -IPATH/deps/usrsctp/usrsctp/usrsctplib -IPATH/deps/libwebrtc -IPATH/deps/libwebrtc/libwebrtc -IPATH/deps/libwebrtc/deps/abseil-cpp/abseil-cpp -std=c++11 -Wall -Wextra -Wno-unused-parameter -Wno-implicit-fallthrough -m64 -g -Wno-unknown-warning-option -fPIC -o PATH/out/Release/obj.target/mediasoup-worker/src/Utils/IP.o PATH/src/Utils/IP.cpp",
        "directory": "PATH/out",
        "file": "PATH/src/Utils/IP.cpp"
    },
    {
        "command": "c++ -c -DMS_LITTLE_ENDIAN -D_POSIX_C_SOURCE=200112 -D_GNU_SOURCE -D_LARGEFILE_SOURCE -D_FILE_OFFSET_BITS=64 -IPATH/include -IPATH/deps/json/single_include/nlohmann -IPATH/deps/netstring/netstring-c -IPATH/deps/libuv/include -IPATH/deps/openssl/openssl/include -IPATH/deps/libsrtp/srtp/include -IPATH/deps/usrsctp/usrsctp/usrsctplib -IPATH/deps/libwebrtc -IPATH/deps/libwebrtc/libwebrtc -IPATH/deps/libwebrtc/deps/abseil-cpp/abseil-cpp -std=c++11 -Wall -Wextra -Wno-unused-parameter -Wno-implicit-fallthrough -m64 -g -Wno-unknown-warning-option -fPIC -o PATH/out/Release/obj.target/mediasoup-worker/src/Utils/String.o PATH/src/Utils/String.cpp",
        "directory": "PATH/out",
        "file": "PATH/src/Utils/String.cpp"
    },
    {
        "command": "c++ -c -DMS_LITTLE_ENDIAN -D_POSIX_C_SOURCE=200112 -D_GNU_SOURCE -D_LARGEFILE_SOURCE -D_FILE_OFFSET_BITS=64 -IPATH/include -IPATH/deps/json/single_include/nlohmann -IPATH/deps/netstring/netstring-c -IPATH/deps/libuv/include -IPATH/deps/openssl/openssl/include -IPATH/deps/libsrtp/srtp/include -IPATH/deps/usrsctp/usrsctp/usrsctplib -IPATH/deps/libwebrtc -IPATH/deps/libwebrtc/libwebrtc -IPATH/deps/libwebrtc/deps/abseil-cpp/abseil-cpp -std=c++11 -Wall -Wextra -Wno-unused-parameter -Wno-implicit-fallthrough -m64 -g -Wno-unknown-warning-option -fPIC -o PATH/out/Release/obj.target/mediasoup-worker/src/handles/SignalsHandler.o PATH/src/handles/SignalsHandler.cpp",
        "directory": "PATH/out",
        "file": "PATH/src/handles/SignalsHandler.cpp"
    },
    {
        "command": "c++ -c -DMS_LITTLE_ENDIAN -D_POSIX_C_SOURCE=200112 -D_GNU_SOURCE -D_LARGEFILE_SOURCE -D_FILE_OFFSET_BITS=64 -IPATH/include -IPATH/deps/json/single_include/nlohmann -IPATH/deps/netstring/netstring-c -IPATH/deps/libuv/include -IPATH/deps/openssl/openssl/include -IPATH/deps/libsrtp/srtp/include -IPATH/deps/usrsctp/usrsctp/usrsctplib -IPATH/deps/libwebrtc -IPATH/deps/libwebrtc/libwebrtc -IPATH/deps/libwebrtc/deps/abseil-cpp/abseil-cpp -std=c++11 -Wall -Wextra -Wno-unused-parameter -Wno-implicit-fallthrough -m64 -g -Wno-unknown-warning-option -fPIC -o PATH/out/Release/obj.target/mediasoup-worker/src/handles/TcpConnection.o PATH/src/handles/TcpConnection.cpp",
        "directory": "PATH/out",
        "file": "PATH/src/handles/TcpConnection.cpp"
    },
    {
        "command": "c++ -c -DMS_LITTLE_ENDIAN -D_POSIX_C_SOURCE=200112 -D_GNU_SOURCE -D_LARGEFILE_SOURCE -D_FILE_OFFSET_BITS=64 -IPATH/include -IPATH/deps/json/single_include/nlohmann -IPATH/deps/netstring/netstring-c -IPATH/deps/libuv/include -IPATH/deps/openssl/openssl/include -IPATH/deps/libsrtp/srtp/include -IPATH/deps/usrsctp/usrsctp/usrsctplib -IPATH/deps/libwebrtc -IPATH/deps/libwebrtc/libwebrtc -IPATH/deps/libwebrtc/deps/abseil-cpp/abseil-cpp -std=c++11 -Wall -Wextra -Wno-unused-parameter -Wno-implicit-fallthrough -m64 -g -Wno-unknown-warning-option -fPIC -o PATH/out/Release/obj.target/mediasoup-worker/src/handles/TcpServer.o PATH/src/handles/TcpServer.cpp",
        "directory": "PATH/out",
        "file": "PATH/src/handles/TcpServer.cpp"
    },
    {
        "command": "c++ -c -DMS_LITTLE_ENDIAN -D_POSIX_C_SOURCE=200112 -D_GNU_SOURCE -D_LARGEFILE_SOURCE -D_FILE_OFFSET_BITS=64 -IPATH/include -IPATH/deps/json/single_include/nlohmann -IPATH/deps/netstring/netstring-c -IPATH/deps/libuv/include -IPATH/deps/openssl/openssl/include -IPATH/deps/libsrtp/srtp/include -IPATH/deps/usrsctp/usrsctp/usrsctplib -IPATH/deps/libwebrtc -IPATH/deps/libwebrtc/libwebrtc -IPATH/deps/libwebrtc/deps/abseil-cpp/abseil-cpp -std=c++11 -Wall -Wextra -Wno-unused-parameter -Wno-implicit-fallthrough -m64 -g -Wno-unknown-warning-option -fPIC -o PATH/out/Release/obj.target/mediasoup-worker/src/handles/Timer.o PATH/src/handles/Timer.cpp",
        "directory": "PATH/out",
        "file": "PATH/src/handles/Timer.cpp"
    },
    {
        "command": "c++ -c -DMS_LITTLE_ENDIAN -D_POSIX_C_SOURCE=200112 -D_GNU_SOURCE -D_LARGEFILE_SOURCE -D_FILE_OFFSET_BITS=64 -IPATH/include -IPATH/deps/json/single_include/nlohmann -IPATH/deps/netstring/netstring-c -IPATH/deps/libuv/include -IPATH/deps/openssl/openssl/include -IPATH/deps/libsrtp/srtp/include -IPATH/deps/usrsctp/usrsctp/usrsctplib -IPATH/deps/libwebrtc -IPATH/deps/libwebrtc/libwebrtc -IPATH/deps/libwebrtc/deps/abseil-cpp/abseil-cpp -std=c++11 -Wall -Wextra -Wno-unused-parameter -Wno-implicit-fallthrough -m64 -g -Wno-unknown-warning-option -fPIC -o PATH/out/Release/obj.target/mediasoup-worker/src/handles/UdpSocket.o PATH/src/handles/UdpSocket.cpp",
        "directory": "PATH/out",
        "file": "PATH/src/handles/UdpSocket.cpp"
    },
    {
        "command": "c++ -c -DMS_LITTLE_ENDIAN -D_POSIX_C_SOURCE=200112 -D_GNU_SOURCE -D_LARGEFILE_SOURCE -D_FILE_OFFSET_BITS=64 -IPATH/include -IPATH/deps/json/single_include/nlohmann -IPATH/deps/netstring/netstring-c -IPATH/deps/libuv/include -IPATH/deps/openssl/openssl/include -IPATH/deps/libsrtp/srtp/include -IPATH/deps/usrsctp/usrsctp/usrsctplib -IPATH/deps/libwebrtc -IPATH/deps/libwebrtc/libwebrtc -IPATH/deps/libwebrtc/deps/abseil-cpp/abseil-cpp -std=c++11 -Wall -Wextra -Wno-unused-parameter -Wno-implicit-fallthrough -m64 -g -Wno-unknown-warning-option -fPIC -o PATH/out/Release/obj.target/mediasoup-worker/src/handles/UnixStreamSocket.o PATH/src/handles/UnixStreamSocket.cpp",
        "directory": "PATH/out",
        "file": "PATH/src/handles/UnixStreamSocket.cpp"
    },
    {
        "command": "c++ -c -DMS_LITTLE_ENDIAN -D_POSIX_C_SOURCE=200112 -D_GNU_SOURCE -D_LARGEFILE_SOURCE -D_FILE_OFFSET_BITS=64 -IPATH/include -IPATH/deps/json/single_include/nlohmann -IPATH/deps/netstring/netstring-c -IPATH/deps/libuv/include -IPATH/deps/openssl/openssl/include -IPATH/deps/libsrtp/srtp/include -IPATH/deps/usrsctp/usrsctp/usrsctplib -IPATH/deps/libwebrtc -IPATH/deps/libwebrtc/libwebrtc -IPATH/deps/libwebrtc/deps/abseil-cpp/abseil-cpp -std=c++11 -Wall -Wextra -Wno-unused-parameter -Wno-implicit-fallthrough -m64 -g -Wno-unknown-warning-option -fPIC -o PATH/out/Release/obj.target/mediasoup-worker/src/Channel/Notifier.o PATH/src/Channel/Notifier.cpp",
        "directory": "PATH/out",
        "file": "PATH/src/Channel/Notifier.cpp"
    },
    {
        "command": "c++ -c -DMS_LITTLE_ENDIAN -D_POSIX_C_SOURCE=200112 -D_GNU_SOURCE -D_LARGEFILE_SOURCE -D_FILE_OFFSET_BITS=64 -IPATH/include -IPATH/deps/json/single_include/nlohmann -IPATH/deps/netstring/netstring-c -IPATH/deps/libuv/include -IPATH/deps/openssl/openssl/include -IPATH/deps/libsrtp/srtp/include -IPATH/deps/usrsctp/usrsctp/usrsctplib -IPATH/deps/libwebrtc -IPATH/deps/libwebrtc/libwebrtc -IPATH/deps/libwebrtc/deps/abseil-cpp/abseil-cpp -std=c++11 -Wall -Wextra -Wno-unused-parameter -Wno-implicit-fallthrough -m64 -g -Wno-unknown-warning-option -fPIC -o PATH/out/Release/obj.target/mediasoup-worker/src/Channel/Request.o PATH/src/Channel/Request.cpp",
        "directory": "PATH/out",
        "file": "PATH/src/Channel/Request.cpp"
    },
    {
        "command": "c++ -c -DMS_LITTLE_ENDIAN -D_POSIX_C_SOURCE=200112 -D_GNU_SOURCE -D_LARGEFILE_SOURCE -D_FILE_OFFSET_BITS=64 -IPATH/include -IPATH/deps/json/single_include/nlohmann -IPATH/deps/netstring/netstring-c -IPATH/deps/libuv/include -IPATH/deps/openssl/openssl/include -IPATH/deps/libsrtp/srtp/include -IPATH/deps/usrsctp/usrsctp/usrsctplib -IPATH/deps/libwebrtc -IPATH/deps/libwebrtc/libwebrtc -IPATH/deps/libwebrtc/deps/abseil-cpp/abseil-cpp -std=c++11 -Wall -Wextra -Wno-unused-parameter -Wno-implicit-fallthrough -m64 -g -Wno-unknown-warning-option -fPIC -o PATH/out/Release/obj.target/mediasoup-worker/src/Channel/UnixStreamSocket.o PATH/src/Channel/UnixStreamSocket.cpp",
        "directory": "PATH/out",
        "file": "PATH/src/Channel/UnixStreamSocket.cpp"
    },
    {
        "command": "c++ -c -DMS_LITTLE_ENDIAN -D_POSIX_C_SOURCE=200112 -D_GNU_SOURCE -D_LARGEFILE_SOURCE -D_FILE_OFFSET_BITS=64 -IPATH/include -IPATH/deps/json/single_include/nlohmann -IPATH/deps/netstring/netstring-c -IPATH/deps/libuv/include -IPATH/deps/openssl/openssl/include -IPATH/deps/libsrtp/srtp/include -IPATH/deps/usrsctp/usrsctp/usrsctplib -IPATH/deps/libwebrtc -IPATH/deps/libwebrtc/libwebrtc -IPATH/deps/libwebrtc/deps/abseil-cpp/abseil-cpp -std=c++11 -Wall -Wextra -Wno-unused-parameter -Wno-implicit-fallthrough -m64 -g -Wno-unknown-warning-option -fPIC -o PATH/out/Release/obj.target/mediasoup-worker/src/RTC/AudioLevelObserver.o PATH/src/RTC/AudioLevelObserver.cpp",
        "directory": "PATH/out",
        "file": "PATH/src/RTC/AudioLevelObserver.cpp"
    },
    {
        "command": "c++ -c -DMS_LITTLE_ENDIAN -D_POSIX_C_SOURCE=200112 -D_GNU_SOURCE -D_LARGEFILE_SOURCE -D_FILE_OFFSET_BITS=64 -IPATH/include -IPATH/deps/json/single_include/nlohmann -IPATH/deps/netstring/netstring-c -IPATH/deps/libuv/include -IPATH/deps/openssl/openssl/include -IPATH/deps/libsrtp/srtp/include -IPATH/deps/usrsctp/usrsctp/usrsctplib -IPATH/deps/libwebrtc -IPATH/deps/libwebrtc/libwebrtc -IPATH/deps/libwebrtc/deps/abseil-cpp/abseil-cpp -std=c++11 -Wall -Wextra -Wno-unused-parameter -Wno-implicit-fallthrough -m64 -g -Wno-unknown-warning-option -fPIC -o PATH/out/Release/obj.target/mediasoup-worker/src/RTC/Consumer.o PATH/src/RTC/Consumer.cpp",
        "directory": "PATH/out",
        "file": "PATH/src/RTC/Consumer.cpp"
    },
    {
        "command": "c++ -c -DMS_LITTLE_ENDIAN -D_POSIX_C_SOURCE=200112 -D_GNU_SOURCE -D_LARGEFILE_SOURCE -D_FILE_OFFSET_BITS=64 -IPATH/include -IPATH/deps/json/single_include/nlohmann -IPATH/deps/netstring/netstring-c -IPATH/deps/libuv/include -IPATH/deps/openssl/openssl/include -IPATH/deps/libsrtp/srtp/include -IPATH/deps/usrsctp/usrsctp/usrsctplib -IPATH/deps/libwebrtc -IPATH/deps/libwebrtc/libwebrtc -IPATH/deps/libwebrtc/deps/abseil-cpp/abseil-cpp -std=c++11 -Wall -Wextra -Wno-unused-parameter -Wno-implicit-fallthrough -m64 -g -Wno-unknown-warning-option -fPIC -o PATH/out/Release/obj.target/mediasoup-worker/src/RTC/DataConsumer.o PATH/src/RTC/DataConsumer.cpp",
        "directory": "PATH/out",
        "file": "PATH/src/RTC/DataConsumer.cpp"
    },
    {
        "command": "c++ -c -DMS_LITTLE_ENDIAN -D_POSIX_C_SOURCE=200112 -D_GNU_SOURCE -D_LARGEFILE_SOURCE -D_FILE_OFFSET_BITS=64 -IPATH/include -IPATH/deps/json/single_include/nlohmann -IPATH/deps/netstring/netstring-c -IPATH/deps/libuv/include -IPATH/deps/openssl/openssl/include -IPATH/deps/libsrtp/srtp/include -IPATH/deps/usrsctp/usrsctp/usrsctplib -IPATH/deps/libwebrtc -IPATH/deps/libwebrtc/libwebrtc -IPATH/deps/libwebrtc/deps/abseil-cpp/abseil-cpp -std=c++11 -Wall -Wextra -Wno-unused-parameter -Wno-implicit-fallthrough -m64 -g -Wno-unknown-warning-option -fPIC -o PATH/out/Release/obj.target/mediasoup-worker/src/RTC/DataProducer.o PATH/src/RTC/DataProducer.cpp",
        "directory": "PATH/out",
        "file": "PATH/src/RTC/DataProducer.cpp"
    },
    {
        "command": "c++ -c -DMS_LITTLE_ENDIAN -D_POSIX_C_SOURCE=200112 -D_GNU_SOURCE -D_LARGEFILE_SOURCE -D_FILE_OFFSET_BITS=64 -IPATH/include -IPATH/deps/json/single_include/nlohmann -IPATH/deps/netstring/netstring-c -IPATH/deps/libuv/include -IPATH/deps/openssl/openssl/include -IPATH/deps/libsrtp/srtp/include -IPATH/deps/usrsctp/usrsctp/usrsctplib -IPATH/deps/libwebrtc -IPATH/deps/libwebrtc/libwebrtc -IPATH/deps/libwebrtc/deps/abseil-cpp/abseil-cpp -std=c++11 -Wall -Wextra -Wno-unused-parameter -Wno-implicit-fallthrough -m64 -g -Wno-unknown-warning-option -fPIC -o PATH/out/Release/obj.target/mediasoup-worker/src/RTC/DtlsTransport.o PATH/src/RTC/DtlsTransport.cpp",
        "directory": "PATH/out",
        "file": "PATH/src/RTC/DtlsTransport.cpp"
    },
    {
        "command": "c++ -c -DMS_LITTLE_ENDIAN -D_POSIX_C_SOURCE=200112 -D_GNU_SOURCE -D_LARGEFILE_SOURCE -D_FILE_OFFSET_BITS=64 -IPATH/include -IPATH/deps/json/single_include/nlohmann -IPATH/deps/netstring/netstring-c -IPATH/deps/libuv/include -IPATH/deps/openssl/openssl/include -IPATH/deps/libsrtp/srtp/include -IPATH/deps/usrsctp/usrsctp/usrsctplib -IPATH/deps/libwebrtc -IPATH/deps/libwebrtc/libwebrtc -IPATH/deps/libwebrtc/deps/abseil-cpp/abseil-cpp -std=c++11 -Wall -Wextra -Wno-unused-parameter -Wno-implicit-fallthrough -m64 -g -Wno-unknown-warning-option -fPIC -o PATH/out/Release/obj.target/mediasoup-worker/src/RTC/IceCandidate.o PATH/src/RTC/IceCandidate.cpp",
        "directory": "PATH/out",
        "file": "PATH/src/RTC/IceCandidate.cpp"
    },
    {
        "command": "c++ -c -DMS_LITTLE_ENDIAN -D_POSIX_C_SOURCE=200112 -D_GNU_SOURCE -D_LARGEFILE_SOURCE -D_FILE_OFFSET_BITS=64 -IPATH/include -IPATH/deps/json/single_include/nlohmann -IPATH/deps/netstring/netstring-c -IPATH/deps/libuv/include -IPATH/deps/openssl/openssl/include -IPATH/deps/libsrtp/srtp/include -IPATH/deps/usrsctp/usrsctp/usrsctplib -IPATH/deps/libwebrtc -IPATH/deps/libwebrtc/libwebrtc -IPATH/deps/libwebrtc/deps/abseil-cpp/abseil-cpp -std=c++11 -Wall -Wextra -Wno-unused-parameter -Wno-implicit-fallthrough -m64 -g -Wno-unknown-warning-option -fPIC -o PATH/out/Release/obj.target/mediasoup-worker/src/RTC/IceServer.o PATH/src/RTC/IceServer.cpp",
        "directory": "PATH/out",
        "file": "PATH/src/RTC/IceServer.cpp"
    },
    {
        "command": "c++ -c -DMS_LITTLE_ENDIAN -D_POSIX_C_SOURCE=200112 -D_GNU_SOURCE -D_LARGEFILE_SOURCE -D_FILE_OFFSET_BITS=64 -IPATH/include -IPATH/deps/json/single_include/nlohmann -IPATH/deps/netstring/netstring-c -IPATH/deps/libuv/include -IPATH/deps/openssl/openssl/include -IPATH/deps/libsrtp/srtp/include -IPATH/deps/usrsctp/usrsctp/usrsctplib -IPATH/deps/libwebrtc -IPATH/deps/libwebrtc/libwebrtc -IPATH/deps/libwebrtc/deps/abseil-cpp/abseil-cpp -std=c++11 -Wall -Wextra -Wno-unused-parameter -Wno-implicit-fallthrough -m64 -g -Wno-unknown-warning-option -fPIC -o PATH/out/Release/obj.target/mediasoup-worker/src/RTC/KeyFrameRequestManager.o PATH/src/RTC/KeyFrameRequestManager.cpp",
        "directory": "PATH/out",
        "file": "PATH/src/RTC/KeyFrameRequestManager.cpp"
    },
    {
        "command": "c++ -c -DMS_LITTLE_ENDIAN -D_POSIX_C_SOURCE=200112 -D_GNU_SOURCE -D_LARGEFILE_SOURCE -D_FILE_OFFSET_BITS=64 -IPATH/include -IPATH/deps/json/single_include/nlohmann -IPATH/deps/netstring/netstring-c -IPATH/deps/libuv/include -IPATH/deps/openssl/openssl/include -IPATH/deps/libsrtp/srtp/include -IPATH/deps/usrsctp/usrsctp/usrsctplib -IPATH/deps/libwebrtc -IPATH/deps/libwebrtc/libwebrtc -IPATH/deps/libwebrtc/deps/abseil-cpp/abseil-cpp -std=c++11 -Wall -Wextra -Wno-unused-parameter -Wno-implicit-fallthrough -m64 -g -Wno-unknown-warning-option -fPIC -o PATH/out/Release/obj.target/mediasoup-worker/src/RTC/NackGenerator.o PATH/src/RTC/NackGenerator.cpp",
        "directory": "PATH/out",
        "file": "PATH/src/RTC/NackGenerator.cpp"
    },
    {
        "command": "c++ -c -DMS_LITTLE_ENDIAN -D_POSIX_C_SOURCE=200112 -D_GNU_SOURCE -D_LARGEFILE_SOURCE -D_FILE_OFFSET_BITS=64 -IPATH/include -IPATH/deps/json/single_include/nlohmann -IPATH/deps/netstring/netstring-c -IPATH/deps/libuv/include -IPATH/deps/openssl/openssl/include -IPATH/deps/libsrtp/srtp/include -IPATH/deps/usrsctp/usrsctp/usrsctplib -IPATH/deps/libwebrtc -IPATH/deps/libwebrtc/libwebrtc -IPATH/deps/libwebrtc/deps/abseil-cpp/abseil-cpp -std=c++11 -Wall -Wextra -Wno-unused-parameter -Wno-implicit-fallthrough -m64 -g -Wno-unknown-warning-option -fPIC -o PATH/out/Release/obj.target/mediasoup-worker/src/RTC/PipeConsumer.o PATH/src/RTC/PipeConsumer.cpp",
        "directory": "PATH/out",
        "file": "PATH/src/RTC/PipeConsumer.cpp"
    },
    {
        "command": "c++ -c -DMS_LITTLE_ENDIAN -D_POSIX_C_SOURCE=200112 -D_GNU_SOURCE -D_LARGEFILE_SOURCE -D_FILE_OFFSET_BITS=64 -IPATH/include -IPATH/deps/json/single_include/nlohmann -IPATH/deps/netstring/netstring-c -IPATH/deps/libuv/include -IPATH/deps/openssl/openssl/include -IPATH/deps/libsrtp/srtp/include -IPATH/deps/usrsctp/usrsctp/usrsctplib -IPATH/deps/libwebrtc -IPATH/deps/libwebrtc/libwebrtc -IPATH/deps/libwebrtc/deps/abseil-cpp/abseil-cpp -std=c++11 -Wall -Wextra -Wno-unused-parameter -Wno-implicit-fallthrough -m64 -g -Wno-unknown-warning-option -fPIC -o PATH/out/Release/obj.target/mediasoup-worker/src/RTC/PipeTransport.o PATH/src/RTC/PipeTransport.cpp",
        "directory": "PATH/out",
        "file": "PATH/src/RTC/PipeTransport.cpp"
    },
    {
        "command": "c++ -c -DMS_LITTLE_ENDIAN -D_POSIX_C_SOURCE=200112 -D_GNU_SOURCE -D_LARGEFILE_SOURCE -D_FILE_OFFSET_BITS=64 -IPATH/include -IPATH/deps/json/single_include/nlohmann -IPATH/deps/netstring/netstring-c -IPATH/deps/libuv/include -IPATH/deps/openssl/openssl/include -IPATH/deps/libsrtp/srtp/include -IPATH/deps/usrsctp/usrsctp/usrsctplib -IPATH/deps/libwebrtc -IPATH/deps/libwebrtc/libwebrtc -IPATH/deps/libwebrtc/deps/abseil-cpp/abseil-cpp -std=c++11 -Wall -Wextra -Wno-unused-parameter -Wno-implicit-fallthrough -m64 -g -Wno-unknown-warning-option -fPIC -o PATH/out/Release/obj.target/mediasoup-worker/src/RTC/PlainTransport.o PATH/src/RTC/PlainTransport.cpp",
        "directory": "PATH/out",
        "file": "PATH/src/RTC/PlainTransport.cpp"
    },
    {
        "command": "c++ -c -DMS_LITTLE_ENDIAN -D_POSIX_C_SOURCE=200112 -D_GNU_SOURCE -D_LARGEFILE_SOURCE -D_FILE_OFFSET_BITS=64 -IPATH/include -IPATH/deps/json/single_include/nlohmann -IPATH/deps/netstring/netstring-c -IPATH/deps/libuv/include -IPATH/deps/openssl/openssl/include -IPATH/deps/libsrtp/srtp/include -IPATH/deps/usrsctp/usrsctp/usrsctplib -IPATH/deps/libwebrtc -IPATH/deps/libwebrtc/libwebrtc -IPATH/deps/libwebrtc/deps/abseil-cpp/abseil-cpp -std=c++11 -Wall -Wextra -Wno-unused-parameter -Wno-implicit-fallthrough -m64 -g -Wno-unknown-warning-option -fPIC -o PATH/out/Release/obj.target/mediasoup-worker/src/RTC/PortManager.o PATH/src/RTC/PortManager.cpp",
        "directory": "PATH/out",
        "file": "PATH/src/RTC/PortManager.cpp"
    },
    {
        "command": "c++ -c -DMS_LITTLE_ENDIAN -D_POSIX_C_SOURCE=200112 -D_GNU_SOURCE -D_LARGEFILE_SOURCE -D_FILE_OFFSET_BITS=64 -IPATH/include -IPATH/deps/json/single_include/nlohmann -IPATH/deps/netstring/netstring-c -IPATH/deps/libuv/include -IPATH/deps/openssl/openssl/include -IPATH/deps/libsrtp/srtp/include -IPATH/deps/usrsctp/usrsctp/usrsctplib -IPATH/deps/libwebrtc -IPATH/deps/libwebrtc/libwebrtc -IPATH/deps/libwebrtc/deps/abseil-cpp/abseil-cpp -std=c++11 -Wall -Wextra -Wno-unused-parameter -Wno-implicit-fallthrough -m64 -g -Wno-unknown-warning-option -fPIC -o PATH/out/Release/obj.target/mediasoup-worker/src/RTC/Producer.o PATH/src/RTC/Producer.cpp",
        "directory": "PATH/out",
        "file": "PATH/src/RTC/Producer.cpp"
    },
    {
        "command": "c++ -c -DMS_LITTLE_ENDIAN -D_POSIX_C_SOURCE=200112 -D_GNU_SOURCE -D_LARGEFILE_SOURCE -D_FILE_OFFSET_BITS=64 -IPATH/include -IPATH/deps/json/single_include/nlohmann -IPATH/deps/netstring/netstring-c -IPATH/deps/libuv/include -IPATH/deps/openssl/openssl/include -IPATH/deps/libsrtp/srtp/include -IPATH/deps/usrsctp/usrsctp/usrsctplib -IPATH/deps/libwebrtc -IPATH/deps/libwebrtc/libwebrtc -IPATH/deps/libwebrtc/deps/abseil-cpp/abseil-cpp -std=c++11 -Wall -Wextra -Wno-unused-parameter -Wno-implicit-fallthrough -m64 -g -Wno-unknown-warning-option -fPIC -o PATH/out/Release/obj.target/mediasoup-worker/src/RTC/RateCalculator.o PATH/src/RTC/RateCalculator.cpp",
        "directory": "PATH/out",
        "file": "PATH/src/RTC/RateCalculator.cpp"
    },
    {
        "command": "c++ -c -DMS_LITTLE_ENDIAN -D_POSIX_C_SOURCE=200112 -D_GNU_SOURCE -D_LARGEFILE_SOURCE -D_FILE_OFFSET_BITS=64 -IPATH/include -IPATH/deps/json/single_include/nlohmann -IPATH/deps/netstring/netstring-c -IPATH/deps/libuv/include -IPATH/deps/openssl/openssl/include -IPATH/deps/libsrtp/srtp/include -IPATH/deps/usrsctp/usrsctp/usrsctplib -IPATH/deps/libwebrtc -IPATH/deps/libwebrtc/libwebrtc -IPATH/deps/libwebrtc/deps/abseil-cpp/abseil-cpp -std=c++11 -Wall -Wextra -Wno-unused-parameter -Wno-implicit-fallthrough -m64 -g -Wno-unknown-warning-option -fPIC -o PATH/out/Release/obj.target/mediasoup-worker/src/RTC/Router.o PATH/src/RTC/Router.cpp",
        "directory": "PATH/out",
        "file": "PATH/src/RTC/Router.cpp"
    },
    {
        "command": "c++ -c -DMS_LITTLE_ENDIAN -D_POSIX_C_SOURCE=200112 -D_GNU_SOURCE -D_LARGEFILE_SOURCE -D_FILE_OFFSET_BITS=64 -IPATH/include -IPATH/deps/json/single_include/nlohmann -IPATH/deps/netstring/netstring-c -IPATH/deps/libuv/include -IPATH/deps/openssl/openssl/include -IPATH/deps/libsrtp/srtp/include -IPATH/deps/usrsctp/usrsctp/usrsctplib -IPATH/deps/libwebrtc -IPATH/deps/libwebrtc/libwebrtc -IPATH/deps/libwebrtc/deps/abseil-cpp/abseil-cpp -std=c++11 -Wall -Wextra -Wno-unused-parameter -Wno-implicit-fallthrough -m64 -g -Wno-unknown-warning-option -fPIC -o PATH/out/Release/obj.target/mediasoup-worker/src/RTC/RtpListener.o PATH/src/RTC/RtpListener.cpp",
        "directory": "PATH/out",
        "file": "PATH/src/RTC/RtpListener.cpp"
    },
    {
        "command": "c++ -c -DMS_LITTLE_ENDIAN -D_POSIX_C_SOURCE=200112 -D_GNU_SOURCE -D_LARGEFILE_SOURCE -D_FILE_OFFSET_BITS=64 -IPATH/include -IPATH/deps/json/single_include/nlohmann -IPATH/deps/netstring/netstring-c -IPATH/deps/libuv/include -IPATH/deps/openssl/openssl/include -IPATH/deps/libsrtp/srtp/include -IPATH/deps/usrsctp/usrsctp/usrsctplib -IPATH/deps/libwebrtc -IPATH/deps/libwebrtc/libwebrtc -IPATH/deps/libwebrtc/deps/abseil-cpp/abseil-cpp -std=c++11 -Wall -Wextra -Wno-unused-parameter -Wno-implicit-fallthrough -m64 -g -Wno-unknown-warning-option -fPIC -o PATH/out/Release/obj.target/mediasoup-worker/src/RTC/RtpObserver.o PATH/src/RTC/RtpObserver.cpp",
        "directory": "PATH/out",
        "file": "PATH/src/RTC/RtpObserver.cpp"
    },
    {
        "command": "c++ -c -DMS_LITTLE_ENDIAN -D_POSIX_C_SOURCE=200112 -D_GNU_SOURCE -D_LARGEFILE_SOURCE -D_FILE_OFFSET_BITS=64 -IPATH/include -IPATH/deps/json/single_include/nlohmann -IPATH/deps/netstring/netstring-c -IPATH/deps/libuv/include -IPATH/deps/openssl/openssl/include -IPATH/deps/libsrtp/srtp/include -IPATH/deps/usrsctp/usrsctp/usrsctplib -IPATH/deps/libwebrtc -IPATH/deps/libwebrtc/libwebrtc -IPATH/deps/libwebrtc/deps/abseil-cpp/abseil-cpp -std=c++11 -Wall -Wextra -Wno-unused-parameter -Wno-implicit-fallthrough -m64 -g -Wno-unknown-warning-option -fPIC -o PATH/out/Release/obj.target/mediasoup-worker/src/RTC/RtpPacket.o PATH/src/RTC/RtpPacket.cpp",
        "directory": "PATH/out",
        "file": "PATH/src/RTC/RtpPacket.cpp"
    },
    {
        "command": "c++ -c -DMS_LITTLE_ENDIAN -D_POSIX_C_SOURCE=200112 -D_GNU_SOURCE -D_LARGEFILE_SOURCE -D_FILE_OFFSET_BITS=64 -IPATH/include -IPATH/deps/json/single_include/nlohmann -IPATH/deps/netstring/netstring-c -IPATH/deps/libuv/include -IPATH/deps/openssl/openssl/include -IPATH/deps/libsrtp/srtp/include -IPATH/deps/usrsctp/usrsctp/usrsctplib -IPATH/deps/libwebrtc -IPATH/deps/libwebrtc/libwebrtc -IPATH/deps/libwebrtc/deps/abseil-cpp/abseil-cpp -std=c++11 -Wall -Wextra -Wno-unused-parameter -Wno-implicit-fallthrough -m64 -g -Wno-unknown-warning-option -fPIC -o PATH/out/Release/obj.target/mediasoup-worker/src/RTC/RtpProbationGenerator.o PATH/src/RTC/RtpProbationGenerator.cpp",
        "directory": "PATH/out",
        "file": "PATH/src/RTC/RtpProbationGenerator.cpp"
    },
    {
        "command": "c++ -c -DMS_LITTLE_ENDIAN -D_POSIX_C_SOURCE=200112 -D_GNU_SOURCE -D_LARGEFILE_SOURCE -D_FILE_OFFSET_BITS=64 -IPATH/include -IPATH/deps/json/single_include/nlohmann -IPATH/deps/netstring/netstring-c -IPATH/deps/libuv/include -IPATH/deps/openssl/openssl/include -IPATH/deps/libsrtp/srtp/include -IPATH/deps/usrsctp/usrsctp/usrsctplib -IPATH/deps/libwebrtc -IPATH/deps/libwebrtc/libwebrtc -IPATH/deps/libwebrtc/deps/abseil-cpp/abseil-cpp -std=c++11 -Wall -Wextra -Wno-unused-parameter -Wno-implicit-fallthrough -m64 -g -Wno-unknown-warning-option -fPIC -o PATH/out/Release/obj.target/mediasoup-worker/src/RTC/RtpStream.o PATH/src/RTC/RtpStream.cpp",
        "directory": "PATH/out",
        "file": "PATH/src/RTC/RtpStream.cpp"
    },
    {
        "command": "c++ -c -DMS_LITTLE_ENDIAN -D_POSIX_C_SOURCE=200112 -D_GNU_SOURCE -D_LARGEFILE_SOURCE -D_FILE_OFFSET_BITS=64 -IPATH/include -IPATH/deps/json/single_include/nlohmann -IPATH/deps/netstring/netstring-c -IPATH/deps/libuv/include -IPATH/deps/openssl/openssl/include -IPATH/deps/libsrtp/srtp/include -IPATH/deps/usrsctp/usrsctp/usrsctplib -IPATH/deps/libwebrtc -IPATH/deps/libwebrtc/libwebrtc -IPATH/deps/libwebrtc/deps/abseil-cpp/abseil-cpp -std=c++11 -Wall -Wextra -Wno-unused-parameter -Wno-implicit-fallthrough -m64 -g -Wno-unknown-warning-option -fPIC -o PATH/out/Release/obj.target/mediasoup-worker/src/RTC/RtpStreamRecv.o PATH/src/RTC/RtpStreamRecv.cpp",
        "directory": "PATH/out",
        "file": "PATH/src/RTC/RtpStreamRecv.cpp"
    },
    {
        "command": "c++ -c -DMS_LITTLE_ENDIAN -D_POSIX_C_SOURCE=200112 -D_GNU_SOURCE -D_LARGEFILE_SOURCE -D_FILE_OFFSET_BITS=64 -IPATH/include -IPATH/deps/json/single_include/nlohmann -IPATH/deps/netstring/netstring-c -IPATH/deps/libuv/include -IPATH/deps/openssl/openssl/include -IPATH/deps/libsrtp/srtp/include -IPATH/deps/usrsctp/usrsctp/usrsctplib -IPATH/deps/libwebrtc -IPATH/deps/libwebrtc/libwebrtc -IPATH/deps/libwebrtc/deps/abseil-cpp/abseil-cpp -std=c++11 -Wall -Wextra -Wno-unused-parameter -Wno-implicit-fallthrough -m64 -g -Wno-unknown-warning-option -fPIC -o PATH/out/Release/obj.target/mediasoup-worker/src/RTC/RtpStreamSend.o PATH/src/RTC/RtpStreamSend.cpp",
        "directory": "PATH/out",
        "file": "PATH/src/RTC/RtpStreamSend.cpp"
    },
    {
        "command": "c++ -c -DMS_LITTLE_ENDIAN -D_POSIX_C_SOURCE=200112 -D_GNU_SOURCE -D_LARGEFILE_SOURCE -D_FILE_OFFSET_BITS=64 -IPATH/include -IPATH/deps/json/single_include/nlohmann -IPATH/deps/netstring/netstring-c -IPATH/deps/libuv/include -IPATH/deps/openssl/openssl/include -IPATH/deps/libsrtp/srtp/include -IPATH/deps/usrsctp/usrsctp/usrsctplib -IPATH/deps/libwebrtc -IPATH/deps/libwebrtc/libwebrtc -IPATH/deps/libwebrtc/deps/abseil-cpp/abseil-cpp -std=c++11 -Wall -Wextra -Wno-unused-parameter -Wno-implicit-fallthrough -m64 -g -Wno-unknown-warning-option -fPIC -o PATH/out/Release/obj.target/mediasoup-worker/src/RTC/RtxStream.o PATH/src/RTC/RtxStream.cpp",
        "directory": "PATH/out",
        "file": "PATH/src/RTC/RtxStream.cpp"
    },
    {
        "command": "c++ -c -DMS_LITTLE_ENDIAN -D_POSIX_C_SOURCE=200112 -D_GNU_SOURCE -D_LARGEFILE_SOURCE -D_FILE_OFFSET_BITS=64 -IPATH/include -IPATH/deps/json/single_include/nlohmann -IPATH/deps/netstring/netstring-c -IPATH/deps/libuv/include -IPATH/deps/openssl/openssl/include -IPATH/deps/libsrtp/srtp/include -IPATH/deps/usrsctp/usrsctp/usrsctplib -IPATH/deps/libwebrtc -IPATH/deps/libwebrtc/libwebrtc -IPATH/deps/libwebrtc/deps/abseil-cpp/abseil-cpp -std=c++11 -Wall -Wextra -Wno-unused-parameter -Wno-implicit-fallthrough -m64 -g -Wno-unknown-warning-option -fPIC -o PATH/out/Release/obj.target/mediasoup-worker/src/RTC/SctpAssociation.o PATH/src/RTC/SctpAssociation.cpp",
        "directory": "PATH/out",
        "file": "PATH/src/RTC/SctpAssociation.cpp"
    },
    {
        "command": "c++ -c -DMS_LITTLE_ENDIAN -D_POSIX_C_SOURCE=200112 -D_GNU_SOURCE -D_LARGEFILE_SOURCE -D_FILE_OFFSET_BITS=64 -IPATH/include -IPATH/deps/json/single_include/nlohmann -IPATH/deps/netstring/netstring-c -IPATH/deps/libuv/include -IPATH/deps/openssl/openssl/include -IPATH/deps/libsrtp/srtp/include -IPATH/deps/usrsctp/usrsctp/usrsctplib -IPATH/deps/libwebrtc -IPATH/deps/libwebrtc/libwebrtc -IPATH/deps/libwebrtc/deps/abseil-cpp/abseil-cpp -std=c++11 -Wall -Wextra -Wno-unused-parameter -Wno-implicit-fallthrough -m64 -g -Wno-unknown-warning-option -fPIC -o PATH/out/Release/obj.target/mediasoup-worker/src/RTC/SctpListener.o PATH/src/RTC/SctpListener.cpp",
        "directory": "PATH/out",
        "file": "PATH/src/RTC/SctpListener.cpp"
    },
    {
        "command": "c++ -c -DMS_LITTLE_ENDIAN -D_POSIX_C_SOURCE=200112 -D_GNU_SOURCE -D_LARGEFILE_SOURCE -D_FILE_OFFSET_BITS=64 -IPATH/include -IPATH/deps/json/single_include/nlohmann -IPATH/deps/netstring/netstring-c -IPATH/deps/libuv/include -IPATH/deps/openssl/openssl/include -IPATH/deps/libsrtp/srtp/include -IPATH/deps/usrsctp/usrsctp/usrsctplib -IPATH/deps/libwebrtc -IPATH/deps/libwebrtc/libwebrtc -IPATH/deps/libwebrtc/deps/abseil-cpp/abseil-cpp -std=c++11 -Wall -Wextra -Wno-unused-parameter -Wno-implicit-fallthrough -m64 -g -Wno-unknown-warning-option -fPIC -o PATH/out/Release/obj.target/mediasoup-worker/src/RTC/SenderBandwidthEstimator.o PATH/src/RTC/SenderBandwidthEstimator.cpp",
        "directory": "PATH/out",
        "file": "PATH/src/RTC/SenderBandwidthEstimator.cpp"
    },
    {
        "command": "c++ -c -DMS_LITTLE_ENDIAN -D_POSIX_C_SOURCE=200112 -D_GNU_SOURCE -D_LARGEFILE_SOURCE -D_FILE_OFFSET_BITS=64 -IPATH/include -IPATH/deps/json/single_include/nlohmann -IPATH/deps/netstring/netstring-c -IPATH/deps/libuv/include -IPATH/deps/openssl/openssl/include -IPATH/deps/libsrtp/srtp/include -IPATH/deps/usrsctp/usrsctp/usrsctplib -IPATH/deps/libwebrtc -IPATH/deps/libwebrtc/libwebrtc -IPATH/deps/libwebrtc/deps/abseil-cpp/abseil-cpp -std=c++11 -Wall -Wextra -Wno-unused-parameter -Wno-implicit-fallthrough -m64 -g -Wno-unknown-warning-option -fPIC -o PATH/out/Release/obj.target/mediasoup-worker/src/RTC/SeqManager.o PATH/src/RTC/SeqManager.cpp",
        "directory": "PATH/out",
        "file": "PATH/src/RTC/SeqManager.cpp"
    },
    {
        "command": "c++ -c -DMS_LITTLE_ENDIAN -D_POSIX_C_SOURCE=200112 -D_GNU_SOURCE -D_LARGEFILE_SOURCE -D_FILE_OFFSET_BITS=64 -IPATH/include -IPATH/deps/json/single_include/nlohmann -IPATH/deps/netstring/netstring-c -IPATH/deps/libuv/include -IPATH/deps/openssl/openssl/include -IPATH/deps/libsrtp/srtp/include -IPATH/deps/usrsctp/usrsctp/usrsctplib -IPATH/deps/libwebrtc -IPATH/deps/libwebrtc/libwebrtc -IPATH/deps/libwebrtc/deps/abseil-cpp/abseil-cpp -std=c++11 -Wall -Wextra -Wno-unused-parameter -Wno-implicit-fallthrough -m64 -g -Wno-unknown-warning-option -fPIC -o PATH/out/Release/obj.target/mediasoup-worker/src/RTC/SimpleConsumer.o PATH/src/RTC/SimpleConsumer.cpp",
        "directory": "PATH/out",
        "file": "PATH/src/RTC/SimpleConsumer.cpp"
    },
    {
        "command": "c++ -c -DMS_LITTLE_ENDIAN -D_POSIX_C_SOURCE=200112 -D_GNU_SOURCE -D_LARGEFILE_SOURCE -D_FILE_OFFSET_BITS=64 -IPATH/include -IPATH/deps/json/single_include/nlohmann -IPATH/deps/netstring/netstring-c -IPATH/deps/libuv/include -IPATH/deps/openssl/openssl/include -IPATH/deps/libsrtp/srtp/include -IPATH/deps/usrsctp/usrsctp/usrsctplib -IPATH/deps/libwebrtc -IPATH/deps/libwebrtc/libwebrtc -IPATH/deps/libwebrtc/deps/abseil-cpp/abseil-cpp -std=c++11 -Wall -Wextra -Wno-unused-parameter -Wno-implicit-fallthrough -m64 -g -Wno-unknown-warning-option -fPIC -o PATH/out/Release/obj.target/mediasoup-worker/src/RTC/SimulcastConsumer.o PATH/src/RTC/SimulcastConsumer.cpp",
        "directory": "PATH/out",
        "file": "PATH/src/RTC/SimulcastConsumer.cpp"
    },
    {
        "command": "c++ -c -DMS_LITTLE_ENDIAN -D_POSIX_C_SOURCE=200112 -D_GNU_SOURCE -D_LARGEFILE_SOURCE -D_FILE_OFFSET_BITS=64 -IPATH/include -IPATH/deps/json/single_include/nlohmann -IPATH/deps/netstring/netstring-c -IPATH/deps/libuv/include -IPATH/deps/openssl/openssl/include -IPATH/deps/libsrtp/srtp/include -IPATH/deps/usrsctp/usrsctp/usrsctplib -IPATH/deps/libwebrtc -IPATH/deps/libwebrtc/libwebrtc -IPATH/deps/libwebrtc/deps/abseil-cpp/abseil-cpp -std=c++11 -Wall -Wextra -Wno-unused-parameter -Wno-implicit-fallthrough -m64 -g -Wno-unknown-warning-option -fPIC -o PATH/out/Release/obj.target/mediasoup-worker/src/RTC/SrtpSession.o PATH/src/RTC/SrtpSession.cpp",
        "directory": "PATH/out",
        "file": "PATH/src/RTC/SrtpSession.cpp"
    },
    {
        "command": "c++ -c -DMS_LITTLE_ENDIAN -D_POSIX_C_SOURCE=200112 -D_GNU_SOURCE -D_LARGEFILE_SOURCE -D_FILE_OFFSET_BITS=64 -IPATH/include -IPATH/deps/json/single_include/nlohmann -IPATH/deps/netstring/netstring-c -IPATH/deps/libuv/include -IPATH/deps/openssl/openssl/include -IPATH/deps/libsrtp/srtp/include -IPATH/deps/usrsctp/usrsctp/usrsctplib -IPATH/deps/libwebrtc -IPATH/deps/libwebrtc/libwebrtc -IPATH/deps/libwebrtc/deps/abseil-cpp/abseil-cpp -std=c++11 -Wall -Wextra -Wno-unused-parameter -Wno-implicit-fallthrough -m64 -g -Wno-unknown-warning-option -fPIC -o PATH/out/Release/obj.target/mediasoup-worker/src/RTC/StunPacket.o PATH/src/RTC/StunPacket.cpp",
        "directory": "PATH/out",
        "file": "PATH/src/RTC/StunPacket.cpp"
    },
    {
        "command": "c++ -c -DMS_LITTLE_ENDIAN -D_POSIX_C_SOURCE=200112 -D_GNU_SOURCE -D_LARGEFILE_SOURCE -D_FILE_OFFSET_BITS=64 -IPATH/include -IPATH/deps/json/single_include/nlohmann -IPATH/deps/netstring/netstring-c -IPATH/deps/libuv/include -IPATH/deps/openssl/openssl/include -IPATH/deps/libsrtp/srtp/include -IPATH/deps/usrsctp/usrsctp/usrsctplib -IPATH/deps/libwebrtc -IPATH/deps/libwebrtc/libwebrtc -IPATH/deps/libwebrtc/deps/abseil-cpp/abseil-cpp -std=c++11 -Wall -Wextra -Wno-unused-parameter -Wno-implicit-fallthrough -m64 -g -Wno-unknown-warning-option -fPIC -o PATH/out/Release/obj.target/mediasoup-worker/src/RTC/SvcConsumer.o PATH/src/RTC/SvcConsumer.cpp",
        "directory": "PATH/out",
        "file": "PATH/src/RTC/SvcConsumer.cpp"
    },
    {
        "command": "c++ -c -DMS_LITTLE_ENDIAN -D_POSIX_C_SOURCE=200112 -D_GNU_SOURCE -D_LARGEFILE_SOURCE -D_FILE_OFFSET_BITS=64 -IPATH/include -IPATH/deps/json/single_include/nlohmann -IPATH/deps/netstring/netstring-c -IPATH/deps/libuv/include -IPATH/deps/openssl/openssl/include -IPATH/deps/libsrtp/srtp/include -IPATH/deps/usrsctp/usrsctp/usrsctplib -IPATH/deps/libwebrtc -IPATH/deps/libwebrtc/libwebrtc -IPATH/deps/libwebrtc/deps/abseil-cpp/abseil-cpp -std=c++11 -Wall -Wextra -Wno-unused-parameter -Wno-implicit-fallthrough -m64 -g -Wno-unknown-warning-option -fPIC -o PATH/out/Release/obj.target/mediasoup-worker/src/RTC/TcpConnection.o PATH/src/RTC/TcpConnection.cpp",
        "directory": "PATH/out",
        "file": "PATH/src/RTC/TcpConnection.cpp"
    },
    {
        "command": "c++ -c -DMS_LITTLE_ENDIAN -D_POSIX_C_SOURCE=200112 -D_GNU_SOURCE -D_LARGEFILE_SOURCE -D_FILE_OFFSET_BITS=64 -IPATH/include -IPATH/deps/json/single_include/nlohmann -IPATH/deps/netstring/netstring-c -IPATH/deps/libuv/include -IPATH/deps/openssl/openssl/include -IPATH/deps/libsrtp/srtp/include -IPATH/deps/usrsctp/usrsctp/usrsctplib -IPATH/deps/libwebrtc -IPATH/deps/libwebrtc/libwebrtc -IPATH/deps/libwebrtc/deps/abseil-cpp/abseil-cpp -std=c++11 -Wall -Wextra -Wno-unused-parameter -Wno-implicit-fallthrough -m64 -g -Wno-unknown-warning-option -fPIC -o PATH/out/Release/obj.target/mediasoup-worker/src/RTC/TcpServer.o PATH/src/RTC/TcpServer.cpp",
        "directory": "PATH/out",
        "file": "PATH/src/RTC/TcpServer.cpp"
    },
    {
        "command": "c++ -c -DMS_LITTLE_ENDIAN -D_POSIX_C_SOURCE=200112 -D_GNU_SOURCE -D_LARGEFILE_SOURCE -D_FILE_OFFSET_BITS=64 -IPATH/include -IPATH/deps/json/single_include/nlohmann -IPATH/deps/netstring/netstring-c -IPATH/deps/libuv/include -IPATH/deps/openssl/openssl/include -IPATH/deps/libsrtp/srtp/include -IPATH/deps/usrsctp/usrsctp/usrsctplib -IPATH/deps/libwebrtc -IPATH/deps/libwebrtc/libwebrtc -IPATH/deps/libwebrtc/deps/abseil-cpp/abseil-cpp -std=c++11 -Wall -Wextra -Wno-unused-parameter -Wno-implicit-fallthrough -m64 -g -Wno-unknown-warning-option -fPIC -o PATH/out/Release/obj.target/mediasoup-worker/src/RTC/Transport.o PATH/src/RTC/Transport.cpp",
        "directory": "PATH/out",
        "file": "PATH/src/RTC/Transport.cpp"
    },
    {
        "command": "c++ -c -DMS_LITTLE_ENDIAN -D_POSIX_C_SOURCE=200112 -D_GNU_SOURCE -D_LARGEFILE_SOURCE -D_FILE_OFFSET_BITS=64 -IPATH/include -IPATH/deps/json/single_include/nlohmann -IPATH/deps/netstring/netstring-c -IPATH/deps/libuv/include -IPATH/deps/openssl/openssl/include -IPATH/deps/libsrtp/srtp/include -IPATH/deps/usrsctp/usrsctp/usrsctplib -IPATH/deps/libwebrtc -IPATH/deps/libwebrtc/libwebrtc -IPATH/deps/libwebrtc/deps/abseil-cpp/abseil-cpp -std=c++11 -Wall -Wextra -Wno-unused-parameter -Wno-implicit-fallthrough -m64 -g -Wno-unknown-warning-option -fPIC -o PATH/out/Release/obj.target/mediasoup-worker/src/RTC/TransportCongestionControlClient.o PATH/src/RTC/TransportCongestionControlClient.cpp",
        "directory": "PATH/out",
        "file": "PATH/src/RTC/TransportCongestionControlClient.cpp"
    },
    {
        "command": "c++ -c -DMS_LITTLE_ENDIAN -D_POSIX_C_SOURCE=200112 -D_GNU_SOURCE -D_LARGEFILE_SOURCE -D_FILE_OFFSET_BITS=64 -IPATH/include -IPATH/deps/json/single_include/nlohmann -IPATH/deps/netstring/netstring-c -IPATH/deps/libuv/include -IPATH/deps/openssl/openssl/include -IPATH/deps/libsrtp/srtp/include -IPATH/deps/usrsctp/usrsctp/usrsctplib -IPATH/deps/libwebrtc -IPATH/deps/libwebrtc/libwebrtc -IPATH/deps/libwebrtc/deps/abseil-cpp/abseil-cpp -std=c++11 -Wall -Wextra -Wno-unused-parameter -Wno-implicit-fallthrough -m64 -g -Wno-unknown-warning-option -fPIC -o PATH/out/Release/obj.target/mediasoup-worker/src/RTC/TransportCongestionControlServer.o PATH/src/RTC/TransportCongestionControlServer.cpp",
        "directory": "PATH/out",
        "file": "PATH/src/RTC/TransportCongestionControlServer.cpp"
    },
    {
        "command": "c++ -c -DMS_LITTLE_ENDIAN -D_POSIX_C_SOURCE=200112 -D_GNU_SOURCE -D_LARGEFILE_SOURCE -D_FILE_OFFSET_BITS=64 -IPATH/include -IPATH/deps/json/single_include/nlohmann -IPATH/deps/netstring/netstring-c -IPATH/deps/libuv/include -IPATH/deps/openssl/openssl/include -IPATH/deps/libsrtp/srtp/include -IPATH/deps/usrsctp/usrsctp/usrsctplib -IPATH/deps/libwebrtc -IPATH/deps/libwebrtc/libwebrtc -IPATH/deps/libwebrtc/deps/abseil-cpp/abseil-cpp -std=c++11 -Wall -Wextra -Wno-unused-parameter -Wno-implicit-fallthrough -m64 -g -Wno-unknown-warning-option -fPIC -o PATH/out/Release/obj.target/mediasoup-worker/src/RTC/TransportTuple.o PATH/src/RTC/TransportTuple.cpp",
        "directory": "PATH/out",
        "file": "PATH/src/RTC/TransportTuple.cpp"
    },
    {
        "command": "c++ -c -DMS_LITTLE_ENDIAN -D_POSIX_C_SOURCE=200112 -D_GNU_SOURCE -D_LARGEFILE_SOURCE -D_FILE_OFFSET_BITS=64 -IPATH/include -IPATH/deps/json/single_include/nlohmann -IPATH/deps/netstring/netstring-c -IPATH/deps/libuv/include -IPATH/deps/openssl/openssl/include -IPATH/deps/libsrtp/srtp/include -IPATH/deps/usrsctp/usrsctp/usrsctplib -IPATH/deps/libwebrtc -IPATH/deps/libwebrtc/libwebrtc -IPATH/deps/libwebrtc/deps/abseil-cpp/abseil-cpp -std=c++11 -Wall -Wextra -Wno-unused-parameter -Wno-implicit-fallthrough -m64 -g -Wno-unknown-warning-option -fPIC -o PATH/out/Release/obj.target/mediasoup-worker/src/RTC/TrendCalculator.o PATH/src/RTC/TrendCalculator.cpp",
        "directory": "PATH/out",
        "file": "PATH/src/RTC/TrendCalculator.cpp"
    },
    {
        "command": "c++ -c -DMS_LITTLE_ENDIAN -D_POSIX_C_SOURCE=200112 -D_GNU_SOURCE -D_LARGEFILE_SOURCE -D_FILE_OFFSET_BITS=64 -IPATH/include -IPATH/deps/json/single_include/nlohmann -IPATH/deps/netstring/netstring-c -IPATH/deps/libuv/include -IPATH/deps/openssl/openssl/include -IPATH/deps/libsrtp/srtp/include -IPATH/deps/usrsctp/usrsctp/usrsctplib -IPATH/deps/libwebrtc -IPATH/deps/libwebrtc/libwebrtc -IPATH/deps/libwebrtc/deps/abseil-cpp/abseil-cpp -std=c++11 -Wall -Wextra -Wno-unused-parameter -Wno-implicit-fallthrough -m64 -g -Wno-unknown-warning-option -fPIC -o PATH/out/Release/obj.target/mediasoup-worker/src/RTC/UdpSocket.o PATH/src/RTC/UdpSocket.cpp",
        "directory": "PATH/out",
        "file": "PATH/src/RTC/UdpSocket.cpp"
    },
    {
        "command": "c++ -c -DMS_LITTLE_ENDIAN -D_POSIX_C_SOURCE=200112 -D_GNU_SOURCE -D_LARGEFILE_SOURCE -D_FILE_OFFSET_BITS=64 -IPATH/include -IPATH/deps/json/single_include/nlohmann -IPATH/deps/netstring/netstring-c -IPATH/deps/libuv/include -IPATH/deps/openssl/openssl/include -IPATH/deps/libsrtp/srtp/include -IPATH/deps/usrsctp/usrsctp/usrsctplib -IPATH/deps/libwebrtc -IPATH/deps/libwebrtc/libwebrtc -IPATH/deps/libwebrtc/deps/abseil-cpp/abseil-cpp -std=c++11 -Wall -Wextra -Wno-unused-parameter -Wno-implicit-fallthrough -m64 -g -Wno-unknown-warning-option -fPIC -o PATH/out/Release/obj.target/mediasoup-worker/src/RTC/WebRtcTransport.o PATH/src/RTC/WebRtcTransport.cpp",
        "directory": "PATH/out",
        "file": "PATH/src/RTC/WebRtcTransport.cpp"
    },
    {
        "command": "c++ -c -DMS_LITTLE_ENDIAN -D_POSIX_C_SOURCE=200112 -D_GNU_SOURCE -D_LARGEFILE_SOURCE -D_FILE_OFFSET_BITS=64 -IPATH/include -IPATH/deps/json/single_include/nlohmann -IPATH/deps/netstring/netstring-c -IPATH/deps/libuv/include -IPATH/deps/openssl/openssl/include -IPATH/deps/libsrtp/srtp/include -IPATH/deps/usrsctp/usrsctp/usrsctplib -IPATH/deps/libwebrtc -IPATH/deps/libwebrtc/libwebrtc -IPATH/deps/libwebrtc/deps/abseil-cpp/abseil-cpp -std=c++11 -Wall -Wextra -Wno-unused-parameter -Wno-implicit-fallthrough -m64 -g -Wno-unknown-warning-option -fPIC -o PATH/out/Release/obj.target/mediasoup-worker/src/RTC/Codecs/H264.o PATH/src/RTC/Codecs/H264.cpp",
        "directory": "PATH/out",
        "file": "PATH/src/RTC/Codecs/H264.cpp"
    },
    {
        "command": "c++ -c -DMS_LITTLE_ENDIAN -D_POSIX_C_SOURCE=200112 -D_GNU_SOURCE -D_LARGEFILE_SOURCE -D_FILE_OFFSET_BITS=64 -IPATH/include -IPATH/deps/json/single_include/nlohmann -IPATH/deps/netstring/netstring-c -IPATH/deps/libuv/include -IPATH/deps/openssl/openssl/include -IPATH/deps/libsrtp/srtp/include -IPATH/deps/usrsctp/usrsctp/usrsctplib -IPATH/deps/libwebrtc -IPATH/deps/libwebrtc/libwebrtc -IPATH/deps/libwebrtc/deps/abseil-cpp/abseil-cpp -std=c++11 -Wall -Wextra -Wno-unused-parameter -Wno-implicit-fallthrough -m64 -g -Wno-unknown-warning-option -fPIC -o PATH/out/Release/obj.target/mediasoup-worker/src/RTC/Codecs/VP8.o PATH/src/RTC/Codecs/VP8.cpp",
        "directory": "PATH/out",
        "file": "PATH/src/RTC/Codecs/VP8.cpp"
    },
    {
        "command": "c++ -c -DMS_LITTLE_ENDIAN -D_POSIX_C_SOURCE=200112 -D_GNU_SOURCE -D_LARGEFILE_SOURCE -D_FILE_OFFSET_BITS=64 -IPATH/include -IPATH/deps/json/single_include/nlohmann -IPATH/deps/netstring/netstring-c -IPATH/deps/libuv/include -IPATH/deps/openssl/openssl/include -IPATH/deps/libsrtp/srtp/include -IPATH/deps/usrsctp/usrsctp/usrsctplib -IPATH/deps/libwebrtc -IPATH/deps/libwebrtc/libwebrtc -IPATH/deps/libwebrtc/deps/abseil-cpp/abseil-cpp -std=c++11 -Wall -Wextra -Wno-unused-parameter -Wno-implicit-fallthrough -m64 -g -Wno-unknown-warning-option -fPIC -o PATH/out/Release/obj.target/mediasoup-worker/src/RTC/Codecs/VP9.o PATH/src/RTC/Codecs/VP9.cpp",
        "directory": "PATH/out",
        "file": "PATH/src/RTC/Codecs/VP9.cpp"
    },
    {
        "command": "c++ -c -DMS_LITTLE_ENDIAN -D_POSIX_C_SOURCE=200112 -D_GNU_SOURCE -D_LARGEFILE_SOURCE -D_FILE_OFFSET_BITS=64 -IPATH/include -IPATH/deps/json/single_include/nlohmann -IPATH/deps/netstring/netstring-c -IPATH/deps/libuv/include -IPATH/deps/openssl/openssl/include -IPATH/deps/libsrtp/srtp/include -IPATH/deps/usrsctp/usrsctp/usrsctplib -IPATH/deps/libwebrtc -IPATH/deps/libwebrtc/libwebrtc -IPATH/deps/libwebrtc/deps/abseil-cpp/abseil-cpp -std=c++11 -Wall -Wextra -Wno-unused-parameter -Wno-implicit-fallthrough -m64 -g -Wno-unknown-warning-option -fPIC -o PATH/out/Release/obj.target/mediasoup-worker/src/RTC/RtpDictionaries/Media.o PATH/src/RTC/RtpDictionaries/Media.cpp",
        "directory": "PATH/out",
        "file": "PATH/src/RTC/RtpDictionaries/Media.cpp"
    },
    {
        "command": "c++ -c -DMS_LITTLE_ENDIAN -D_POSIX_C_SOURCE=200112 -D_GNU_SOURCE -D_LARGEFILE_SOURCE -D_FILE_OFFSET_BITS=64 -IPATH/include -IPATH/deps/json/single_include/nlohmann -IPATH/deps/netstring/netstring-c -IPATH/deps/libuv/include -IPATH/deps/openssl/openssl/include -IPATH/deps/libsrtp/srtp/include -IPATH/deps/usrsctp/usrsctp/usrsctplib -IPATH/deps/libwebrtc -IPATH/deps/libwebrtc/libwebrtc -IPATH/deps/libwebrtc/deps/abseil-cpp/abseil-cpp -std=c++11 -Wall -Wextra -Wno-unused-parameter -Wno-implicit-fallthrough -m64 -g -Wno-unknown-warning-option -fPIC -o PATH/out/Release/obj.target/mediasoup-worker/src/RTC/RtpDictionaries/Parameters.o PATH/src/RTC/RtpDictionaries/Parameters.cpp",
        "directory": "PATH/out",
        "file": "PATH/src/RTC/RtpDictionaries/Parameters.cpp"
    },
    {
        "command": "c++ -c -DMS_LITTLE_ENDIAN -D_POSIX_C_SOURCE=200112 -D_GNU_SOURCE -D_LARGEFILE_SOURCE -D_FILE_OFFSET_BITS=64 -IPATH/include -IPATH/deps/json/single_include/nlohmann -IPATH/deps/netstring/netstring-c -IPATH/deps/libuv/include -IPATH/deps/openssl/openssl/include -IPATH/deps/libsrtp/srtp/include -IPATH/deps/usrsctp/usrsctp/usrsctplib -IPATH/deps/libwebrtc -IPATH/deps/libwebrtc/libwebrtc -IPATH/deps/libwebrtc/deps/abseil-cpp/abseil-cpp -std=c++11 -Wall -Wextra -Wno-unused-parameter -Wno-implicit-fallthrough -m64 -g -Wno-unknown-warning-option -fPIC -o PATH/out/Release/obj.target/mediasoup-worker/src/RTC/RtpDictionaries/RtcpFeedback.o PATH/src/RTC/RtpDictionaries/RtcpFeedback.cpp",
        "directory": "PATH/out",
        "file": "PATH/src/RTC/RtpDictionaries/RtcpFeedback.cpp"
    },
    {
        "command": "c++ -c -DMS_LITTLE_ENDIAN -D_POSIX_C_SOURCE=200112 -D_GNU_SOURCE -D_LARGEFILE_SOURCE -D_FILE_OFFSET_BITS=64 -IPATH/include -IPATH/deps/json/single_include/nlohmann -IPATH/deps/netstring/netstring-c -IPATH/deps/libuv/include -IPATH/deps/openssl/openssl/include -IPATH/deps/libsrtp/srtp/include -IPATH/deps/usrsctp/usrsctp/usrsctplib -IPATH/deps/libwebrtc -IPATH/deps/libwebrtc/libwebrtc -IPATH/deps/libwebrtc/deps/abseil-cpp/abseil-cpp -std=c++11 -Wall -Wextra -Wno-unused-parameter -Wno-implicit-fallthrough -m64 -g -Wno-unknown-warning-option -fPIC -o PATH/out/Release/obj.target/mediasoup-worker/src/RTC/RtpDictionaries/RtcpParameters.o PATH/src/RTC/RtpDictionaries/RtcpParameters.cpp",
        "directory": "PATH/out",
        "file": "PATH/src/RTC/RtpDictionaries/RtcpParameters.cpp"
    },
    {
        "command": "c++ -c -DMS_LITTLE_ENDIAN -D_POSIX_C_SOURCE=200112 -D_GNU_SOURCE -D_LARGEFILE_SOURCE -D_FILE_OFFSET_BITS=64 -IPATH/include -IPATH/deps/json/single_include/nlohmann -IPATH/deps/netstring/netstring-c -IPATH/deps/libuv/include -IPATH/deps/openssl/openssl/include -IPATH/deps/libsrtp/srtp/include -IPATH/deps/usrsctp/usrsctp/usrsctplib -IPATH/deps/libwebrtc -IPATH/deps/libwebrtc/libwebrtc -IPATH/deps/libwebrtc/deps/abseil-cpp/abseil-cpp -std=c++11 -Wall -Wextra -Wno-unused-parameter -Wno-implicit-fallthrough -m64 -g -Wno-unknown-warning-option -fPIC -o PATH/out/Release/obj.target/mediasoup-worker/src/RTC/RtpDictionaries/RtpCodecMimeType.o PATH/src/RTC/RtpDictionaries/RtpCodecMimeType.cpp",
        "directory": "PATH/out",
        "file": "PATH/src/RTC/RtpDictionaries/RtpCodecMimeType.cpp"
    },
    {
        "command": "c++ -c -DMS_LITTLE_ENDIAN -D_POSIX_C_SOURCE=200112 -D_GNU_SOURCE -D_LARGEFILE_SOURCE -D_FILE_OFFSET_BITS=64 -IPATH/include -IPATH/deps/json/single_include/nlohmann -IPATH/deps/netstring/netstring-c -IPATH/deps/libuv/include -IPATH/deps/openssl/openssl/include -IPATH/deps/libsrtp/srtp/include -IPATH/deps/usrsctp/usrsctp/usrsctplib -IPATH/deps/libwebrtc -IPATH/deps/libwebrtc/libwebrtc -IPATH/deps/libwebrtc/deps/abseil-cpp/abseil-cpp -std=c++11 -Wall -Wextra -Wno-unused-parameter -Wno-implicit-fallthrough -m64 -g -Wno-unknown-warning-option -fPIC -o PATH/out/Release/obj.target/mediasoup-worker/src/RTC/RtpDictionaries/RtpCodecParameters.o PATH/src/RTC/RtpDictionaries/RtpCodecParameters.cpp",
        "directory": "PATH/out",
        "file": "PATH/src/RTC/RtpDictionaries/RtpCodecParameters.cpp"
    },
    {
        "command": "c++ -c -DMS_LITTLE_ENDIAN -D_POSIX_C_SOURCE=200112 -D_GNU_SOURCE -D_LARGEFILE_SOURCE -D_FILE_OFFSET_BITS=64 -IPATH/include -IPATH/deps/json/single_include/nlohmann -IPATH/deps/netstring/netstring-c -IPATH/deps/libuv/include -IPATH/deps/openssl/openssl/include -IPATH/deps/libsrtp/srtp/include -IPATH/deps/usrsctp/usrsctp/usrsctplib -IPATH/deps/libwebrtc -IPATH/deps/libwebrtc/libwebrtc -IPATH/deps/libwebrtc/deps/abseil-cpp/abseil-cpp -std=c++11 -Wall -Wextra -Wno-unused-parameter -Wno-implicit-fallthrough -m64 -g -Wno-unknown-warning-option -fPIC -o PATH/out/Release/obj.target/mediasoup-worker/src/RTC/RtpDictionaries/RtpEncodingParameters.o PATH/src/RTC/RtpDictionaries/RtpEncodingParameters.cpp",
        "directory": "PATH/out",
        "file": "PATH/src/RTC/RtpDictionaries/RtpEncodingParameters.cpp"
    },
    {
        "command": "c++ -c -DMS_LITTLE_ENDIAN -D_POSIX_C_SOURCE=200112 -D_GNU_SOURCE -D_LARGEFILE_SOURCE -D_FILE_OFFSET_BITS=64 -IPATH/include -IPATH/deps/json/single_include/nlohmann -IPATH/deps/netstring/netstring-c -IPATH/deps/libuv/include -IPATH/deps/openssl/openssl/include -IPATH/deps/libsrtp/srtp/include -IPATH/deps/usrsctp/usrsctp/usrsctplib -IPATH/deps/libwebrtc -IPATH/deps/libwebrtc/libwebrtc -IPATH/deps/libwebrtc/deps/abseil-cpp/abseil-cpp -std=c++11 -Wall -Wextra -Wno-unused-parameter -Wno-implicit-fallthrough -m64 -g -Wno-unknown-warning-option -fPIC -o PATH/out/Release/obj.target/mediasoup-worker/src/RTC/RtpDictionaries/RtpHeaderExtensionParameters.o PATH/src/RTC/RtpDictionaries/RtpHeaderExtensionParameters.cpp",
        "directory": "PATH/out",
        "file": "PATH/src/RTC/RtpDictionaries/RtpHeaderExtensionParameters.cpp"
    },
    {
        "command": "c++ -c -DMS_LITTLE_ENDIAN -D_POSIX_C_SOURCE=200112 -D_GNU_SOURCE -D_LARGEFILE_SOURCE -D_FILE_OFFSET_BITS=64 -IPATH/include -IPATH/deps/json/single_include/nlohmann -IPATH/deps/netstring/netstring-c -IPATH/deps/libuv/include -IPATH/deps/openssl/openssl/include -IPATH/deps/libsrtp/srtp/include -IPATH/deps/usrsctp/usrsctp/usrsctplib -IPATH/deps/libwebrtc -IPATH/deps/libwebrtc/libwebrtc -IPATH/deps/libwebrtc/deps/abseil-cpp/abseil-cpp -std=c++11 -Wall -Wextra -Wno-unused-parameter -Wno-implicit-fallthrough -m64 -g -Wno-unknown-warning-option -fPIC -o PATH/out/Release/obj.target/mediasoup-worker/src/RTC/RtpDictionaries/RtpHeaderExtensionUri.o PATH/src/RTC/RtpDictionaries/RtpHeaderExtensionUri.cpp",
        "directory": "PATH/out",
        "file": "PATH/src/RTC/RtpDictionaries/RtpHeaderExtensionUri.cpp"
    },
    {
        "command": "c++ -c -DMS_LITTLE_ENDIAN -D_POSIX_C_SOURCE=200112 -D_GNU_SOURCE -D_LARGEFILE_SOURCE -D_FILE_OFFSET_BITS=64 -IPATH/include -IPATH/deps/json/single_include/nlohmann -IPATH/deps/netstring/netstring-c -IPATH/deps/libuv/include -IPATH/deps/openssl/openssl/include -IPATH/deps/libsrtp/srtp/include -IPATH/deps/usrsctp/usrsctp/usrsctplib -IPATH/deps/libwebrtc -IPATH/deps/libwebrtc/libwebrtc -IPATH/deps/libwebrtc/deps/abseil-cpp/abseil-cpp -std=c++11 -Wall -Wextra -Wno-unused-parameter -Wno-implicit-fallthrough -m64 -g -Wno-unknown-warning-option -fPIC -o PATH/out/Release/obj.target/mediasoup-worker/src/RTC/RtpDictionaries/RtpParameters.o PATH/src/RTC/RtpDictionaries/RtpParameters.cpp",
        "directory": "PATH/out",
        "file": "PATH/src/RTC/RtpDictionaries/RtpParameters.cpp"
    },
    {
        "command": "c++ -c -DMS_LITTLE_ENDIAN -D_POSIX_C_SOURCE=200112 -D_GNU_SOURCE -D_LARGEFILE_SOURCE -D_FILE_OFFSET_BITS=64 -IPATH/include -IPATH/deps/json/single_include/nlohmann -IPATH/deps/netstring/netstring-c -IPATH/deps/libuv/include -IPATH/deps/openssl/openssl/include -IPATH/deps/libsrtp/srtp/include -IPATH/deps/usrsctp/usrsctp/usrsctplib -IPATH/deps/libwebrtc -IPATH/deps/libwebrtc/libwebrtc -IPATH/deps/libwebrtc/deps/abseil-cpp/abseil-cpp -std=c++11 -Wall -Wextra -Wno-unused-parameter -Wno-implicit-fallthrough -m64 -g -Wno-unknown-warning-option -fPIC -o PATH/out/Release/obj.target/mediasoup-worker/src/RTC/RtpDictionaries/RtpRtxParameters.o PATH/src/RTC/RtpDictionaries/RtpRtxParameters.cpp",
        "directory": "PATH/out",
        "file": "PATH/src/RTC/RtpDictionaries/RtpRtxParameters.cpp"
    },
    {
        "command": "c++ -c -DMS_LITTLE_ENDIAN -D_POSIX_C_SOURCE=200112 -D_GNU_SOURCE -D_LARGEFILE_SOURCE -D_FILE_OFFSET_BITS=64 -IPATH/include -IPATH/deps/json/single_include/nlohmann -IPATH/deps/netstring/netstring-c -IPATH/deps/libuv/include -IPATH/deps/openssl/openssl/include -IPATH/deps/libsrtp/srtp/include -IPATH/deps/usrsctp/usrsctp/usrsctplib -IPATH/deps/libwebrtc -IPATH/deps/libwebrtc/libwebrtc -IPATH/deps/libwebrtc/deps/abseil-cpp/abseil-cpp -std=c++11 -Wall -Wextra -Wno-unused-parameter -Wno-implicit-fallthrough -m64 -g -Wno-unknown-warning-option -fPIC -o PATH/out/Release/obj.target/mediasoup-worker/src/RTC/SctpDictionaries/SctpStreamParameters.o PATH/src/RTC/SctpDictionaries/SctpStreamParameters.cpp",
        "directory": "PATH/out",
        "file": "PATH/src/RTC/SctpDictionaries/SctpStreamParameters.cpp"
    },
    {
        "command": "c++ -c -DMS_LITTLE_ENDIAN -D_POSIX_C_SOURCE=200112 -D_GNU_SOURCE -D_LARGEFILE_SOURCE -D_FILE_OFFSET_BITS=64 -IPATH/include -IPATH/deps/json/single_include/nlohmann -IPATH/deps/netstring/netstring-c -IPATH/deps/libuv/include -IPATH/deps/openssl/openssl/include -IPATH/deps/libsrtp/srtp/include -IPATH/deps/usrsctp/usrsctp/usrsctplib -IPATH/deps/libwebrtc -IPATH/deps/libwebrtc/libwebrtc -IPATH/deps/libwebrtc/deps/abseil-cpp/abseil-cpp -std=c++11 -Wall -Wextra -Wno-unused-parameter -Wno-implicit-fallthrough -m64 -g -Wno-unknown-warning-option -fPIC -o PATH/out/Release/obj.target/mediasoup-worker/src/RTC/RTCP/Packet.o PATH/src/RTC/RTCP/Packet.cpp",
        "directory": "PATH/out",
        "file": "PATH/src/RTC/RTCP/Packet.cpp"
    },
    {
        "command": "c++ -c -DMS_LITTLE_ENDIAN -D_POSIX_C_SOURCE=200112 -D_GNU_SOURCE -D_LARGEFILE_SOURCE -D_FILE_OFFSET_BITS=64 -IPATH/include -IPATH/deps/json/single_include/nlohmann -IPATH/deps/netstring/netstring-c -IPATH/deps/libuv/include -IPATH/deps/openssl/openssl/include -IPATH/deps/libsrtp/srtp/include -IPATH/deps/usrsctp/usrsctp/usrsctplib -IPATH/deps/libwebrtc -IPATH/deps/libwebrtc/libwebrtc -IPATH/deps/libwebrtc/deps/abseil-cpp/abseil-cpp -std=c++11 -Wall -Wextra -Wno-unused-parameter -Wno-implicit-fallthrough -m64 -g -Wno-unknown-warning-option -fPIC -o PATH/out/Release/obj.target/mediasoup-worker/src/RTC/RTCP/CompoundPacket.o PATH/src/RTC/RTCP/CompoundPacket.cpp",
        "directory": "PATH/out",
        "file": "PATH/src/RTC/RTCP/CompoundPacket.cpp"
    },
    {
        "command": "c++ -c -DMS_LITTLE_ENDIAN -D_POSIX_C_SOURCE=200112 -D_GNU_SOURCE -D_LARGEFILE_SOURCE -D_FILE_OFFSET_BITS=64 -IPATH/include -IPATH/deps/json/single_include/nlohmann -IPATH/deps/netstring/netstring-c -IPATH/deps/libuv/include -IPATH/deps/openssl/openssl/include -IPATH/deps/libsrtp/srtp/include -IPATH/deps/usrsctp/usrsctp/usrsctplib -IPATH/deps/libwebrtc -IPATH/deps/libwebrtc/libwebrtc -IPATH/deps/libwebrtc/deps/abseil-cpp/abseil-cpp -std=c++11 -Wall -Wextra -Wno-unused-parameter -Wno-implicit-fallthrough -m64 -g -Wno-unknown-warning-option -fPIC -o PATH/out/Release/obj.target/mediasoup-worker/src/RTC/RTCP/SenderReport.o PATH/src/RTC/RTCP/SenderReport.cpp",
        "directory": "PATH/out",
        "file": "PATH/src/RTC/RTCP/SenderReport.cpp"
    },
    {
        "command": "c++ -c -DMS_LITTLE_ENDIAN -D_POSIX_C_SOURCE=200112 -D_GNU_SOURCE -D_LARGEFILE_SOURCE -D_FILE_OFFSET_BITS=64 -IPATH/include -IPATH/deps/json/single_include/nlohmann -IPATH/deps/netstring/netstring-c -IPATH/deps/libuv/include -IPATH/deps/openssl/openssl/include -IPATH/deps/libsrtp/srtp/include -IPATH/deps/usrsctp/usrsctp/usrsctplib -IPATH/deps/libwebrtc -IPATH/deps/libwebrtc/libwebrtc -IPATH/deps/libwebrtc/deps/abseil-cpp/abseil-cpp -std=c++11 -Wall -Wextra -Wno-unused-parameter -Wno-implicit-fallthrough -m64 -g -Wno-unknown-warning-option -fPIC -o PATH/out/Release/obj.target/mediasoup-worker/src/RTC/RTCP/ReceiverReport.o PATH/src/RTC/RTCP/ReceiverReport.cpp",
        "directory": "PATH/out",
        "file": "PATH/src/RTC/RTCP/ReceiverReport.cpp"
    },
    {
        "command": "c++ -c -DMS_LITTLE_ENDIAN -D_POSIX_C_SOURCE=200112 -D_GNU_SOURCE -D_LARGEFILE_SOURCE -D_FILE_OFFSET_BITS=64 -IPATH/include -IPATH/deps/json/single_include/nlohmann -IPATH/deps/netstring/netstring-c -IPATH/deps/libuv/include -IPATH/deps/openssl/openssl/include -IPATH/deps/libsrtp/srtp/include -IPATH/deps/usrsctp/usrsctp/usrsctplib -IPATH/deps/libwebrtc -IPATH/deps/libwebrtc/libwebrtc -IPATH/deps/libwebrtc/deps/abseil-cpp/abseil-cpp -std=c++11 -Wall -Wextra -Wno-unused-parameter -Wno-implicit-fallthrough -m64 -g -Wno-unknown-warning-option -fPIC -o PATH/out/Release/obj.target/mediasoup-worker/src/RTC/RTCP/Sdes.o PATH/src/RTC/RTCP/Sdes.cpp",
        "directory": "PATH/out",
        "file": "PATH/src/RTC/RTCP/Sdes.cpp"
    },
    {
        "command": "c++ -c -DMS_LITTLE_ENDIAN -D_POSIX_C_SOURCE=200112 -D_GNU_SOURCE -D_LARGEFILE_SOURCE -D_FILE_OFFSET_BITS=64 -IPATH/include -IPATH/deps/json/single_include/nlohmann -IPATH/deps/netstring/netstring-c -IPATH/deps/libuv/include -IPATH/deps/openssl/openssl/include -IPATH/deps/libsrtp/srtp/include -IPATH/deps/usrsctp/usrsctp/usrsctplib -IPATH/deps/libwebrtc -IPATH/deps/libwebrtc/libwebrtc -IPATH/deps/libwebrtc/deps/abseil-cpp/abseil-cpp -std=c++11 -Wall -Wextra -Wno-unused-parameter -Wno-implicit-fallthrough -m64 -g -Wno-unknown-warning-option -fPIC -o PATH/out/Release/obj.target/mediasoup-worker/src/RTC/RTCP/Bye.o PATH/src/RTC/RTCP/Bye.cpp",
        "directory": "PATH/out",
        "file": "PATH/src/RTC/RTCP/Bye.cpp"
    },
    {
        "command": "c++ -c -DMS_LITTLE_ENDIAN -D_POSIX_C_SOURCE=200112 -D_GNU_SOURCE -D_LARGEFILE_SOURCE -D_FILE_OFFSET_BITS=64 -IPATH/include -IPATH/deps/json/single_include/nlohmann -IPATH/deps/netstring/netstring-c -IPATH/deps/libuv/include -IPATH/deps/openssl/openssl/include -IPATH/deps/libsrtp/srtp/include -IPATH/deps/usrsctp/usrsctp/usrsctplib -IPATH/deps/libwebrtc -IPATH/deps/libwebrtc/libwebrtc -IPATH/deps/libwebrtc/deps/abseil-cpp/abseil-cpp -std=c++11 -Wall -Wextra -Wno-unused-parameter -Wno-implicit-fallthrough -m64 -g -Wno-unknown-warning-option -fPIC -o PATH/out/Release/obj.target/mediasoup-worker/src/RTC/RTCP/Feedback.o PATH/src/RTC/RTCP/Feedback.cpp",
        "directory": "PATH/out",
        "file": "PATH/src/RTC/RTCP/Feedback.cpp"
    },
    {
        "command": "c++ -c -DMS_LITTLE_ENDIAN -D_POSIX_C_SOURCE=200112 -D_GNU_SOURCE -D_LARGEFILE_SOURCE -D_FILE_OFFSET_BITS=64 -IPATH/include -IPATH/deps/json/single_include/nlohmann -IPATH/deps/netstring/netstring-c -IPATH/deps/libuv/include -IPATH/deps/openssl/openssl/include -IPATH/deps/libsrtp/srtp/include -IPATH/deps/usrsctp/usrsctp/usrsctplib -IPATH/deps/libwebrtc -IPATH/deps/libwebrtc/libwebrtc -IPATH/deps/libwebrtc/deps/abseil-cpp/abseil-cpp -std=c++11 -Wall -Wextra -Wno-unused-parameter -Wno-implicit-fallthrough -m64 -g -Wno-unknown-warning-option -fPIC -o PATH/out/Release/obj.target/mediasoup-worker/src/RTC/RTCP/FeedbackPs.o PATH/src/RTC/RTCP/FeedbackPs.cpp",
        "directory": "PATH/out",
        "file": "PATH/src/RTC/RTCP/FeedbackPs.cpp"
    },
    {
        "command": "c++ -c -DMS_LITTLE_ENDIAN -D_POSIX_C_SOURCE=200112 -D_GNU_SOURCE -D_LARGEFILE_SOURCE -D_FILE_OFFSET_BITS=64 -IPATH/include -IPATH/deps/json/single_include/nlohmann -IPATH/deps/netstring/netstring-c -IPATH/deps/libuv/include -IPATH/deps/openssl/openssl/include -IPATH/deps/libsrtp/srtp/include -IPATH/deps/usrsctp/usrsctp/usrsctplib -IPATH/deps/libwebrtc -IPATH/deps/libwebrtc/libwebrtc -IPATH/deps/libwebrtc/deps/abseil-cpp/abseil-cpp -std=c++11 -Wall -Wextra -Wno-unused-parameter -Wno-implicit-fallthrough -m64 -g -Wno-unknown-warning-option -fPIC -o PATH/out/Release/obj.target/mediasoup-worker/src/RTC/RTCP/FeedbackRtp.o PATH/src/RTC/RTCP/FeedbackRtp.cpp",
        "directory": "PATH/out",
        "file": "PATH/src/RTC/RTCP/FeedbackRtp.cpp"
    },
    {
        "command": "c++ -c -DMS_LITTLE_ENDIAN -D_POSIX_C_SOURCE=200112 -D_GNU_SOURCE -D_LARGEFILE_SOURCE -D_FILE_OFFSET_BITS=64 -IPATH/include -IPATH/deps/json/single_include/nlohmann -IPATH/deps/netstring/netstring-c -IPATH/deps/libuv/include -IPATH/deps/openssl/openssl/include -IPATH/deps/libsrtp/srtp/include -IPATH/deps/usrsctp/usrsctp/usrsctplib -IPATH/deps/libwebrtc -IPATH/deps/libwebrtc/libwebrtc -IPATH/deps/libwebrtc/deps/abseil-cpp/abseil-cpp -std=c++11 -Wall -Wextra -Wno-unused-parameter -Wno-implicit-fallthrough -m64 -g -Wno-unknown-warning-option -fPIC -o PATH/out/Release/obj.target/mediasoup-worker/src/RTC/RTCP/FeedbackRtpNack.o PATH/src/RTC/RTCP/FeedbackRtpNack.cpp",
        "directory": "PATH/out",
        "file": "PATH/src/RTC/RTCP/FeedbackRtpNack.cpp"
    },
    {
        "command": "c++ -c -DMS_LITTLE_ENDIAN -D_POSIX_C_SOURCE=200112 -D_GNU_SOURCE -D_LARGEFILE_SOURCE -D_FILE_OFFSET_BITS=64 -IPATH/include -IPATH/deps/json/single_include/nlohmann -IPATH/deps/netstring/netstring-c -IPATH/deps/libuv/include -IPATH/deps/openssl/openssl/include -IPATH/deps/libsrtp/srtp/include -IPATH/deps/usrsctp/usrsctp/usrsctplib -IPATH/deps/libwebrtc -IPATH/deps/libwebrtc/libwebrtc -IPATH/deps/libwebrtc/deps/abseil-cpp/abseil-cpp -std=c++11 -Wall -Wextra -Wno-unused-parameter -Wno-implicit-fallthrough -m64 -g -Wno-unknown-warning-option -fPIC -o PATH/out/Release/obj.target/mediasoup-worker/src/RTC/RTCP/FeedbackRtpTmmb.o PATH/src/RTC/RTCP/FeedbackRtpTmmb.cpp",
        "directory": "PATH/out",
        "file": "PATH/src/RTC/RTCP/FeedbackRtpTmmb.cpp"
    },
    {
        "command": "c++ -c -DMS_LITTLE_ENDIAN -D_POSIX_C_SOURCE=200112 -D_GNU_SOURCE -D_LARGEFILE_SOURCE -D_FILE_OFFSET_BITS=64 -IPATH/include -IPATH/deps/json/single_include/nlohmann -IPATH/deps/netstring/netstring-c -IPATH/deps/libuv/include -IPATH/deps/openssl/openssl/include -IPATH/deps/libsrtp/srtp/include -IPATH/deps/usrsctp/usrsctp/usrsctplib -IPATH/deps/libwebrtc -IPATH/deps/libwebrtc/libwebrtc -IPATH/deps/libwebrtc/deps/abseil-cpp/abseil-cpp -std=c++11 -Wall -Wextra -Wno-unused-parameter -Wno-implicit-fallthrough -m64 -g -Wno-unknown-warning-option -fPIC -o PATH/out/Release/obj.target/mediasoup-worker/src/RTC/RTCP/FeedbackRtpSrReq.o PATH/src/RTC/RTCP/FeedbackRtpSrReq.cpp",
        "directory": "PATH/out",
        "file": "PATH/src/RTC/RTCP/FeedbackRtpSrReq.cpp"
    },
    {
        "command": "c++ -c -DMS_LITTLE_ENDIAN -D_POSIX_C_SOURCE=200112 -D_GNU_SOURCE -D_LARGEFILE_SOURCE -D_FILE_OFFSET_BITS=64 -IPATH/include -IPATH/deps/json/single_include/nlohmann -IPATH/deps/netstring/netstring-c -IPATH/deps/libuv/include -IPATH/deps/openssl/openssl/include -IPATH/deps/libsrtp/srtp/include -IPATH/deps/usrsctp/usrsctp/usrsctplib -IPATH/deps/libwebrtc -IPATH/deps/libwebrtc/libwebrtc -IPATH/deps/libwebrtc/deps/abseil-cpp/abseil-cpp -std=c++11 -Wall -Wextra -Wno-unused-parameter -Wno-implicit-fallthrough -m64 -g -Wno-unknown-warning-option -fPIC -o PATH/out/Release/obj.target/mediasoup-worker/src/RTC/RTCP/FeedbackRtpTllei.o PATH/src/RTC/RTCP/FeedbackRtpTllei.cpp",
        "directory": "PATH/out",
        "file": "PATH/src/RTC/RTCP/FeedbackRtpTllei.cpp"
    },
    {
        "command": "c++ -c -DMS_LITTLE_ENDIAN -D_POSIX_C_SOURCE=200112 -D_GNU_SOURCE -D_LARGEFILE_SOURCE -D_FILE_OFFSET_BITS=64 -IPATH/include -IPATH/deps/json/single_include/nlohmann -IPATH/deps/netstring/netstring-c -IPATH/deps/libuv/include -IPATH/deps/openssl/openssl/include -IPATH/deps/libsrtp/srtp/include -IPATH/deps/usrsctp/usrsctp/usrsctplib -IPATH/deps/libwebrtc -IPATH/deps/libwebrtc/libwebrtc -IPATH/deps/libwebrtc/deps/abseil-cpp/abseil-cpp -std=c++11 -Wall -Wextra -Wno-unused-parameter -Wno-implicit-fallthrough -m64 -g -Wno-unknown-warning-option -fPIC -o PATH/out/Release/obj.target/mediasoup-worker/src/RTC/RTCP/FeedbackRtpEcn.o PATH/src/RTC/RTCP/FeedbackRtpEcn.cpp",
        "directory": "PATH/out",
        "file": "PATH/src/RTC/RTCP/FeedbackRtpEcn.cpp"
    },
    {
        "command": "c++ -c -DMS_LITTLE_ENDIAN -D_POSIX_C_SOURCE=200112 -D_GNU_SOURCE -D_LARGEFILE_SOURCE -D_FILE_OFFSET_BITS=64 -IPATH/include -IPATH/deps/json/single_include/nlohmann -IPATH/deps/netstring/netstring-c -IPATH/deps/libuv/include -IPATH/deps/openssl/openssl/include -IPATH/deps/libsrtp/srtp/include -IPATH/deps/usrsctp/usrsctp/usrsctplib -IPATH/deps/libwebrtc -IPATH/deps/libwebrtc/libwebrtc -IPATH/deps/libwebrtc/deps/abseil-cpp/abseil-cpp -std=c++11 -Wall -Wextra -Wno-unused-parameter -Wno-implicit-fallthrough -m64 -g -Wno-unknown-warning-option -fPIC -o PATH/out/Release/obj.target/mediasoup-worker/src/RTC/RTCP/FeedbackRtpTransport.o PATH/src/RTC/RTCP/FeedbackRtpTransport.cpp",
        "directory": "PATH/out",
        "file": "PATH/src/RTC/RTCP/FeedbackRtpTransport.cpp"
    },
    {
        "command": "c++ -c -DMS_LITTLE_ENDIAN -D_POSIX_C_SOURCE=200112 -D_GNU_SOURCE -D_LARGEFILE_SOURCE -D_FILE_OFFSET_BITS=64 -IPATH/include -IPATH/deps/json/single_include/nlohmann -IPATH/deps/netstring/netstring-c -IPATH/deps/libuv/include -IPATH/deps/openssl/openssl/include -IPATH/deps/libsrtp/srtp/include -IPATH/deps/usrsctp/usrsctp/usrsctplib -IPATH/deps/libwebrtc -IPATH/deps/libwebrtc/libwebrtc -IPATH/deps/libwebrtc/deps/abseil-cpp/abseil-cpp -std=c++11 -Wall -Wextra -Wno-unused-parameter -Wno-implicit-fallthrough -m64 -g -Wno-unknown-warning-option -fPIC -o PATH/out/Release/obj.target/mediasoup-worker/src/RTC/RTCP/FeedbackPsPli.o PATH/src/RTC/RTCP/FeedbackPsPli.cpp",
        "directory": "PATH/out",
        "file": "PATH/src/RTC/RTCP/FeedbackPsPli.cpp"
    },
    {
        "command": "c++ -c -DMS_LITTLE_ENDIAN -D_POSIX_C_SOURCE=200112 -D_GNU_SOURCE -D_LARGEFILE_SOURCE -D_FILE_OFFSET_BITS=64 -IPATH/include -IPATH/deps/json/single_include/nlohmann -IPATH/deps/netstring/netstring-c -IPATH/deps/libuv/include -IPATH/deps/openssl/openssl/include -IPATH/deps/libsrtp/srtp/include -IPATH/deps/usrsctp/usrsctp/usrsctplib -IPATH/deps/libwebrtc -IPATH/deps/libwebrtc/libwebrtc -IPATH/deps/libwebrtc/deps/abseil-cpp/abseil-cpp -std=c++11 -Wall -Wextra -Wno-unused-parameter -Wno-implicit-fallthrough -m64 -g -Wno-unknown-warning-option -fPIC -o PATH/out/Release/obj.target/mediasoup-worker/src/RTC/RTCP/FeedbackPsSli.o PATH/src/RTC/RTCP/FeedbackPsSli.cpp",
        "directory": "PATH/out",
        "file": "PATH/src/RTC/RTCP/FeedbackPsSli.cpp"
    },
    {
        "command": "c++ -c -DMS_LITTLE_ENDIAN -D_POSIX_C_SOURCE=200112 -D_GNU_SOURCE -D_LARGEFILE_SOURCE -D_FILE_OFFSET_BITS=64 -IPATH/include -IPATH/deps/json/single_include/nlohmann -IPATH/deps/netstring/netstring-c -IPATH/deps/libuv/include -IPATH/deps/openssl/openssl/include -IPATH/deps/libsrtp/srtp/include -IPATH/deps/usrsctp/usrsctp/usrsctplib -IPATH/deps/libwebrtc -IPATH/deps/libwebrtc/libwebrtc -IPATH/deps/libwebrtc/deps/abseil-cpp/abseil-cpp -std=c++11 -Wall -Wextra -Wno-unused-parameter -Wno-implicit-fallthrough -m64 -g -Wno-unknown-warning-option -fPIC -o PATH/out/Release/obj.target/mediasoup-worker/src/RTC/RTCP/FeedbackPsRpsi.o PATH/src/RTC/RTCP/FeedbackPsRpsi.cpp",
        "directory": "PATH/out",
        "file": "PATH/src/RTC/RTCP/FeedbackPsRpsi.cpp"
    },
    {
        "command": "c++ -c -DMS_LITTLE_ENDIAN -D_POSIX_C_SOURCE=200112 -D_GNU_SOURCE -D_LARGEFILE_SOURCE -D_FILE_OFFSET_BITS=64 -IPATH/include -IPATH/deps/json/single_include/nlohmann -IPATH/deps/netstring/netstring-c -IPATH/deps/libuv/include -IPATH/deps/openssl/openssl/include -IPATH/deps/libsrtp/srtp/include -IPATH/deps/usrsctp/usrsctp/usrsctplib -IPATH/deps/libwebrtc -IPATH/deps/libwebrtc/libwebrtc -IPATH/deps/libwebrtc/deps/abseil-cpp/abseil-cpp -std=c++11 -Wall -Wextra -Wno-unused-parameter -Wno-implicit-fallthrough -m64 -g -Wno-unknown-warning-option -fPIC -o PATH/out/Release/obj.target/mediasoup-worker/src/RTC/RTCP/FeedbackPsFir.o PATH/src/RTC/RTCP/FeedbackPsFir.cpp",
        "directory": "PATH/out",
        "file": "PATH/src/RTC/RTCP/FeedbackPsFir.cpp"
    },
    {
        "command": "c++ -c -DMS_LITTLE_ENDIAN -D_POSIX_C_SOURCE=200112 -D_GNU_SOURCE -D_LARGEFILE_SOURCE -D_FILE_OFFSET_BITS=64 -IPATH/include -IPATH/deps/json/single_include/nlohmann -IPATH/deps/netstring/netstring-c -IPATH/deps/libuv/include -IPATH/deps/openssl/openssl/include -IPATH/deps/libsrtp/srtp/include -IPATH/deps/usrsctp/usrsctp/usrsctplib -IPATH/deps/libwebrtc -IPATH/deps/libwebrtc/libwebrtc -IPATH/deps/libwebrtc/deps/abseil-cpp/abseil-cpp -std=c++11 -Wall -Wextra -Wno-unused-parameter -Wno-implicit-fallthrough -m64 -g -Wno-unknown-warning-option -fPIC -o PATH/out/Release/obj.target/mediasoup-worker/src/RTC/RTCP/FeedbackPsTst.o PATH/src/RTC/RTCP/FeedbackPsTst.cpp",
        "directory": "PATH/out",
        "file": "PATH/src/RTC/RTCP/FeedbackPsTst.cpp"
    },
    {
        "command": "c++ -c -DMS_LITTLE_ENDIAN -D_POSIX_C_SOURCE=200112 -D_GNU_SOURCE -D_LARGEFILE_SOURCE -D_FILE_OFFSET_BITS=64 -IPATH/include -IPATH/deps/json/single_include/nlohmann -IPATH/deps/netstring/netstring-c -IPATH/deps/libuv/include -IPATH/deps/openssl/openssl/include -IPATH/deps/libsrtp/srtp/include -IPATH/deps/usrsctp/usrsctp/usrsctplib -IPATH/deps/libwebrtc -IPATH/deps/libwebrtc/libwebrtc -IPATH/deps/libwebrtc/deps/abseil-cpp/abseil-cpp -std=c++11 -Wall -Wextra -Wno-unused-parameter -Wno-implicit-fallthrough -m64 -g -Wno-unknown-warning-option -fPIC -o PATH/out/Release/obj.target/mediasoup-worker/src/RTC/RTCP/FeedbackPsVbcm.o PATH/src/RTC/RTCP/FeedbackPsVbcm.cpp",
        "directory": "PATH/out",
        "file": "PATH/src/RTC/RTCP/FeedbackPsVbcm.cpp"
    },
    {
        "command": "c++ -c -DMS_LITTLE_ENDIAN -D_POSIX_C_SOURCE=200112 -D_GNU_SOURCE -D_LARGEFILE_SOURCE -D_FILE_OFFSET_BITS=64 -IPATH/include -IPATH/deps/json/single_include/nlohmann -IPATH/deps/netstring/netstring-c -IPATH/deps/libuv/include -IPATH/deps/openssl/openssl/include -IPATH/deps/libsrtp/srtp/include -IPATH/deps/usrsctp/usrsctp/usrsctplib -IPATH/deps/libwebrtc -IPATH/deps/libwebrtc/libwebrtc -IPATH/deps/libwebrtc/deps/abseil-cpp/abseil-cpp -std=c++11 -Wall -Wextra -Wno-unused-parameter -Wno-implicit-fallthrough -m64 -g -Wno-unknown-warning-option -fPIC -o PATH/out/Release/obj.target/mediasoup-worker/src/RTC/RTCP/FeedbackPsLei.o PATH/src/RTC/RTCP/FeedbackPsLei.cpp",
        "directory": "PATH/out",
        "file": "PATH/src/RTC/RTCP/FeedbackPsLei.cpp"
    },
    {
        "command": "c++ -c -DMS_LITTLE_ENDIAN -D_POSIX_C_SOURCE=200112 -D_GNU_SOURCE -D_LARGEFILE_SOURCE -D_FILE_OFFSET_BITS=64 -IPATH/include -IPATH/deps/json/single_include/nlohmann -IPATH/deps/netstring/netstring-c -IPATH/deps/libuv/include -IPATH/deps/openssl/openssl/include -IPATH/deps/libsrtp/srtp/include -IPATH/deps/usrsctp/usrsctp/usrsctplib -IPATH/deps/libwebrtc -IPATH/deps/libwebrtc/libwebrtc -IPATH/deps/libwebrtc/deps/abseil-cpp/abseil-cpp -std=c++11 -Wall -Wextra -Wno-unused-parameter -Wno-implicit-fallthrough -m64 -g -Wno-unknown-warning-option -fPIC -o PATH/out/Release/obj.target/mediasoup-worker/src/RTC/RTCP/FeedbackPsAfb.o PATH/src/RTC/RTCP/FeedbackPsAfb.cpp",
        "directory": "PATH/out",
        "file": "PATH/src/RTC/RTCP/FeedbackPsAfb.cpp"
    },
    {
        "command": "c++ -c -DMS_LITTLE_ENDIAN -D_POSIX_C_SOURCE=200112 -D_GNU_SOURCE -D_LARGEFILE_SOURCE -D_FILE_OFFSET_BITS=64 -IPATH/include -IPATH/deps/json/single_include/nlohmann -IPATH/deps/netstring/netstring-c -IPATH/deps/libuv/include -IPATH/deps/openssl/openssl/include -IPATH/deps/libsrtp/srtp/include -IPATH/deps/usrsctp/usrsctp/usrsctplib -IPATH/deps/libwebrtc -IPATH/deps/libwebrtc/libwebrtc -IPATH/deps/libwebrtc/deps/abseil-cpp/abseil-cpp -std=c++11 -Wall -Wextra -Wno-unused-parameter -Wno-implicit-fallthrough -m64 -g -Wno-unknown-warning-option -fPIC -o PATH/out/Release/obj.target/mediasoup-worker/src/RTC/RTCP/FeedbackPsRemb.o PATH/src/RTC/RTCP/FeedbackPsRemb.cpp",
        "directory": "PATH/out",
        "file": "PATH/src/RTC/RTCP/FeedbackPsRemb.cpp"
    },
    {
        "command": "c++ -c -DMS_LITTLE_ENDIAN -D_POSIX_C_SOURCE=200112 -D_GNU_SOURCE -D_LARGEFILE_SOURCE -D_FILE_OFFSET_BITS=64 -IPATH/include -IPATH/deps/json/single_include/nlohmann -IPATH/deps/netstring/netstring-c -IPATH/deps/libuv/include -IPATH/deps/openssl/openssl/include -IPATH/deps/libsrtp/srtp/include -IPATH/deps/usrsctp/usrsctp/usrsctplib -IPATH/deps/libwebrtc -IPATH/deps/libwebrtc/libwebrtc -IPATH/deps/libwebrtc/deps/abseil-cpp/abseil-cpp -std=c++11 -Wall -Wextra -Wno-unused-parameter -Wno-implicit-fallthrough -m64 -g -Wno-unknown-warning-option -fPIC -o PATH/out/Release/obj.target/mediasoup-worker/src/RTC/RTCP/XR.o PATH/src/RTC/RTCP/XR.cpp",
        "directory": "PATH/out",
        "file": "PATH/src/RTC/RTCP/XR.cpp"
    },
    {
        "command": "c++ -c -DMS_LITTLE_ENDIAN -D_POSIX_C_SOURCE=200112 -D_GNU_SOURCE -D_LARGEFILE_SOURCE -D_FILE_OFFSET_BITS=64 -IPATH/include -IPATH/deps/json/single_include/nlohmann -IPATH/deps/netstring/netstring-c -IPATH/deps/libuv/include -IPATH/deps/openssl/openssl/include -IPATH/deps/libsrtp/srtp/include -IPATH/deps/usrsctp/usrsctp/usrsctplib -IPATH/deps/libwebrtc -IPATH/deps/libwebrtc/libwebrtc -IPATH/deps/libwebrtc/deps/abseil-cpp/abseil-cpp -std=c++11 -Wall -Wextra -Wno-unused-parameter -Wno-implicit-fallthrough -m64 -g -Wno-unknown-warning-option -fPIC -o PATH/out/Release/obj.target/mediasoup-worker/src/RTC/RTCP/XrDelaySinceLastRr.o PATH/src/RTC/RTCP/XrDelaySinceLastRr.cpp",
        "directory": "PATH/out",
        "file": "PATH/src/RTC/RTCP/XrDelaySinceLastRr.cpp"
    },
    {
        "command": "c++ -c -DMS_LITTLE_ENDIAN -D_POSIX_C_SOURCE=200112 -D_GNU_SOURCE -D_LARGEFILE_SOURCE -D_FILE_OFFSET_BITS=64 -IPATH/include -IPATH/deps/json/single_include/nlohmann -IPATH/deps/netstring/netstring-c -IPATH/deps/libuv/include -IPATH/deps/openssl/openssl/include -IPATH/deps/libsrtp/srtp/include -IPATH/deps/usrsctp/usrsctp/usrsctplib -IPATH/deps/libwebrtc -IPATH/deps/libwebrtc/libwebrtc -IPATH/deps/libwebrtc/deps/abseil-cpp/abseil-cpp -std=c++11 -Wall -Wextra -Wno-unused-parameter -Wno-implicit-fallthrough -m64 -g -Wno-unknown-warning-option -fPIC -o PATH/out/Release/obj.target/mediasoup-worker/src/RTC/RTCP/XrReceiverReferenceTime.o PATH/src/RTC/RTCP/XrReceiverReferenceTime.cpp",
        "directory": "PATH/out",
        "file": "PATH/src/RTC/RTCP/XrReceiverReferenceTime.cpp"
    },
    {
        "command": "c++ -c -DMS_LITTLE_ENDIAN -D_POSIX_C_SOURCE=200112 -D_GNU_SOURCE -D_LARGEFILE_SOURCE -D_FILE_OFFSET_BITS=64 -IPATH/include -IPATH/deps/json/single_include/nlohmann -IPATH/deps/netstring/netstring-c -IPATH/deps/libuv/include -IPATH/deps/openssl/openssl/include -IPATH/deps/libsrtp/srtp/include -IPATH/deps/usrsctp/usrsctp/usrsctplib -IPATH/deps/libwebrtc -IPATH/deps/libwebrtc/libwebrtc -IPATH/deps/libwebrtc/deps/abseil-cpp/abseil-cpp -std=c++11 -Wall -Wextra -Wno-unused-parameter -Wno-implicit-fallthrough -m64 -g -Wno-unknown-warning-option -fPIC -o PATH/out/Release/obj.target/mediasoup-worker/src/main.o PATH/src/main.cpp",
        "directory": "PATH/out",
        "file": "PATH/src/main.cpp"
    }
]
