<assembly
	xmlns="http://maven.apache.org/plugins/maven-assembly-plugin/assembly/1.1.0"
	xmlns:xsi="http://www.w3.org/2001/XMLSchema-instance"
	xsi:schemaLocation="http://maven.apache.org/plugins/maven-assembly-plugin/assembly/1.1.0 http://maven.apache.org/xsd/assembly-1.1.0.xsd">
	<id>demos</id>
	<formats>
		<format>dir</format>
	</formats>
	<fileSets>
		<fileSet>
			<directory>../../../flash/trunk/deploy</directory>
			<outputDirectory>/webapps/root/demos</outputDirectory>
			<includes>
				<include>*.html</include>
				<include>*.xml</include>
				<include>*.js</include>
				<include>*.swf</include>
				<include>*.air</include>
			</includes>
		</fileSet>
		<fileSet>
			<directory>../../../flash/trunk/deploy/assets</directory>
			<outputDirectory>/webapps/root/demos/assets</outputDirectory>
			<includes>
				<include>*.js</include>
				<include>*.swf</include>
			</includes>
		</fileSet>
	</fileSets>
</assembly>