<assembly
	xmlns="http://maven.apache.org/plugins/maven-assembly-plugin/assembly/1.1.0"
	xmlns:xsi="http://www.w3.org/2001/XMLSchema-instance"
	xsi:schemaLocation="http://maven.apache.org/plugins/maven-assembly-plugin/assembly/1.1.0 http://maven.apache.org/xsd/assembly-1.1.0.xsd">
	<id>war</id>
	<formats>
		<format>war</format>
	</formats>
    <files>
        <file>
            <source>${project.build.directory}/red5-server-${project.version}.jar</source>
            <outputDirectory>/</outputDirectory>
            <destName>red5-server.jar</destName>
        </file>
    </files>	
	<fileSets>
		<fileSet>
			<directory>${project.basedir}</directory>
			<outputDirectory>/</outputDirectory>
			<includes>
				<include>license.txt</include>
			</includes>
		</fileSet>
	</fileSets>
</assembly>